,1,0
 GO:0006165,2,1
 GO:0042134,2,0
 GO:0019953,2,0
 GO:0032964,2,0
 GO:0032967,2,0
 GO:0002084,1,0
 GO:0005839,10,0
 GO:0002262,1,0
 GO:0005833,1,0
 GO:0045727,10,0
 GO:0002062,2,0
 GO:0061333,1,0
 GO:1990357,2,0
 GO:0048812,3,0
 GO:0046581,1,0
 GO:0021772,1,0
 GO:0005496,1,0
 GO:0032580,2,0
 GO:0032587,7,0
 GO:0080111,1,0
 GO:0033989,1,0
 GO:0046903,2,0
 GO:0046907,1,0
 GO:0018206,2,0
 GO:0004722,1,0
 GO:0004721,2,0
 GO:0045907,5,0
 GO:0030325,1,0
 GO:0030324,3,0
 GO:1902188,1,0
 GO:0060009,1,0
 GO:0006611,1,0
 GO:0046632,1,0
 GO:0034679,1,0
 GO:0061024,3,0
 GO:0061025,2,0
 GO:0050921,1,0
 GO:0042311,2,0
 GO:0042645,2,0
 GO:0061028,4,0
 GO:0034629,2,0
 GO:0042641,2,0
 GO:0045214,4,1
 GO:0045340,1,0
 GO:0050709,1,0
 GO:0015992,2,0
 GO:0015991,2,0
 GO:0019897,2,0
 GO:0009611,5,0
 GO:1904115,1,0
GO:0031252,1,0
 GO:2001235,1,0
 GO:0030027,14,1
 GO:2000232,1,0
GO:0030673,1,0
 GO:0030182,1,0
 GO:2001046,1,0
 GO:0034677,1,0
 GO:0010812,3,0
 GO:0060314,1,0
 GO:0014009,1,0
 GO:0010039,1,0
 GO:0014002,4,0
 GO:0014003,1,0
 GO:1903561,8,0
 GO:0050632,1,0
 GO:0010033,5,0
 GO:0090036,1,0
 GO:0032367,1,0
 GO:0032366,1,0
 GO:0039702,2,0
 GO:0032364,1,0
 GO:0044183,1,0
 GO:0070670,1,0
 GO:0070676,1,0
GO:0010008,1,0
 GO:0060178,1,0
 GO:2000521,1,0
 GO:0048306,5,1
 GO:0060170,1,0
 GO:0035372,1,0
 GO:0035374,1,0
 GO:0032780,3,0
 GO:0045581,1,0
 GO:0032088,4,2
 GO:0031053,1,0
 GO:2001135,1,0
 GO:0001664,3,0
 GO:0061077,5,0
 GO:0001666,8,1
 GO:0030050,1,0
 GO:0030057,2,1
 GO:0030056,1,0
 GO:0030507,2,0
 GO:0030506,1,0
 GO:0016787,4,0
 GO:0090148,1,0
 GO:0032266,1,0
 GO:0090141,2,1
 GO:0000281,5,0
 GO:0045766,4,0
 GO:2000429,1,0
 GO:2000427,1,0
 GO:0007626,2,0
 GO:0007625,1,0
 GO:0007623,2,0
 GO:0036276,1,0
 GO:0031581,1,0
 GO:0034698,2,0
 GO:0036477,1,0
 GO:0071310,1,0
 GO:0034389,1,0
 GO:0007399,3,0
 GO:0036292,1,0
 GO:0033690,1,0
 GO:0033691,1,0
 GO:0071300,3,0
 GO:1900121,1,0
 GO:0071305,2,0
 GO:0071306,1,0
 GO:0001931,3,0
 GO:0001932,2,0
 GO:0001933,3,1
 GO:0001934,6,0
 GO:0001935,1,0
 GO:0001937,4,0
 GO:0022604,2,0
 GO:0051384,5,0
 GO:2000737,1,0
GO:0070062,39,0
 GO:0007050,2,1
 GO:0019773,5,0
 GO:0014912,1,0
 GO:0043691,2,0
 GO:0009060,1,1
 GO:0007052,2,0
 GO:0051412,1,0
 GO:0043508,2,0
 GO:0043507,1,0
 GO:0098559,2,0
 GO:0051036,1,0
 GO:0036126,1,1
 GO:0036120,1,0
 GO:0001667,2,0
 GO:0007080,4,0
 GO:0045111,3,0
 GO:0033189,1,1
 GO:0007088,1,0
 GO:0071236,1,0
 GO:0071230,5,0
 GO:0070328,1,0
 GO:0070324,1,0
 GO:0070327,1,0
 GO:0006975,1,0
 GO:0055088,1,0
 GO:0023026,3,0
 GO:0007159,5,0
 GO:0007409,3,0
 GO:0007406,1,0
 GO:0007155,24,1
 GO:0007156,1,0
 GO:0007157,2,0
 GO:0006979,11,1
 GO:0051707,1,1
 GO:0002755,1,0
 GO:0097421,2,0
 GO:0003700,3,0
 GO:0008537,1,0
 GO:0043124,2,0
 GO:0003254,1,0
 GO:0006376,2,0
 GO:0032570,2,0
 GO:0051965,1,0
 GO:0043032,1,0
 GO:0006379,1,0
 GO:0006378,1,0
 GO:1902966,3,0
 GO:0043034,4,1
 GO:0032801,1,0
 GO:0030981,1,0
 GO:1901992,1,0
 GO:0003382,1,0
 GO:2001150,1,0
 GO:0002726,1,0
 GO:1901998,2,0
 GO:0051560,1,0
 GO:0051561,2,0
 GO:0002474,2,0
 GO:0005794,25,1
 GO:0007229,6,0
 GO:0005719,1,0
 GO:0048705,2,0
 GO:0002479,12,0
 GO:0050852,2,0
 GO:0065005,1,0
 GO:1990565,1,0
 GO:0031902,3,0
 GO:0031901,3,0
 GO:0006287,1,0
 GO:0042127,6,0
 GO:0006284,1,0
 GO:0006281,4,0
GO:0005829,20,2
 GO:0006289,1,0
 GO:0042129,1,0
 GO:0002092,1,0
 GO:0010866,1,0
 GO:0005826,2,0
 GO:0005829,81,0
 GO:0042493,20,1
GO:0034707,1,0
 GO:0045822,1,0
 GO:0045823,1,0
GO:0005929,1,0
 GO:0006750,1,0
GO:0005925,1,0
 GO:0006754,1,0
 GO:0006024,2,0
 GO:0034505,1,0
 GO:0034504,3,0
 GO:0050840,5,1
 GO:0032594,1,0
 GO:0042273,4,0
 GO:0042277,6,0
 GO:0046933,3,0
 GO:0042275,1,0
 GO:0072249,1,0
 GO:0035584,1,0
 GO:0060785,1,0
 GO:0042788,1,0
 GO:0004448,1,1
 GO:0030336,3,0
 GO:0030337,1,0
 GO:0030334,7,0
 GO:0030335,8,0
 GO:0006629,4,0
 GO:1902176,3,0
 GO:1902175,1,0
 GO:0030331,1,0
 GO:0060548,3,0
 GO:0034613,1,0
 GO:0006626,1,0
 GO:0006620,1,0
 GO:0034341,1,0
 GO:0030339,1,0
 GO:0046332,4,0
 GO:0046330,1,0
 GO:0042307,1,0
GO:0043159,1,0
 GO:0004842,1,0
 GO:0050713,1,0
 GO:0015986,3,0
 GO:0050714,5,0
 GO:0004197,2,0
 GO:0030199,6,0
 GO:0004190,1,0
 GO:0030193,1,0
 GO:0004198,1,0
 GO:0030194,3,0
 GO:0030195,2,0
 GO:0031111,1,0
 GO:0031115,4,0
GO:0005581,4,0
 GO:0031116,1,0
 GO:0001016,1,0
 GO:0010804,1,0
 GO:0030426,9,0
 GO:0090201,2,0
 GO:0030424,7,0
 GO:0030425,12,0
 GO:1903578,1,0
 GO:0014076,1,0
 GO:0014075,1,0
 GO:0042267,1,0
 GO:0014070,4,0
 GO:0001725,11,0
 GO:0045176,1,0
 GO:0001726,11,0
 GO:0070062,239,7
 GO:0070063,1,0
 GO:0032374,1,0
 GO:1900026,4,0
 GO:1900025,2,1
 GO:0045178,1,0
 GO:0070664,1,0
 GO:0004064,1,0
 GO:2001014,1,0
 GO:0048333,1,0
 GO:0048339,1,0
 GO:0045596,1,0
 GO:0001650,1,0
 GO:0001652,1,0
 GO:0010976,4,0
 GO:0010977,7,0
 GO:0001657,2,1
 GO:0010975,2,0
 GO:0030516,3,0
 GO:0060761,1,0
 GO:0030042,1,0
 GO:0030512,2,0
 GO:0045599,1,0
 GO:0031648,1,0
 GO:0090150,1,0
 GO:0031647,2,0
 GO:0010575,1,0
 GO:0045773,2,0
 GO:0001837,2,0
 GO:0001836,2,0
 GO:0070404,1,0
 GO:0070402,1,0
 GO:0070403,1,0
 GO:0004004,1,0
 GO:0014854,2,1
 GO:0036464,2,0
 GO:0036465,1,0
 GO:0045682,1,0
 GO:0031313,1,0
 GO:0043200,4,0
 GO:0043204,2,0
 GO:0043205,1,0
 GO:0043206,1,0
 GO:0043208,1,0
 GO:0043209,39,0
 GO:0007369,1,0
 GO:0070538,1,0
 GO:1900153,1,0
 GO:0071333,3,0
 GO:0022612,1,0
 GO:0008385,1,0
 GO:0008380,12,0
 GO:0022617,4,0
 GO:0022614,3,0
 GO:0044794,2,0
 GO:0046638,1,0
 GO:0033017,1,0
 GO:0008017,5,0
 GO:0070084,1,0
 GO:0008013,3,0
 GO:0034332,2,1
 GO:1903919,1,0
 GO:0034333,2,0
 GO:0043516,1,0
 GO:0007507,5,0
 GO:0051602,2,0
 GO:0008637,1,0
 GO:0008630,1,0
 GO:0008631,2,0
 GO:0051604,1,0
 GO:0009725,1,0
 GO:0051354,2,0
 GO:0061001,1,0
 GO:0016567,4,0
 GO:0016290,1,0
 GO:0016192,3,0
 GO:0071204,1,0
 GO:0006968,1,0
 GO:0051289,6,1
 GO:0051287,4,1
 GO:0051286,1,0
 GO:0051281,2,0
 GO:0007161,2,0
 GO:0007160,9,0
 GO:0007163,1,0
 GO:0007162,2,1
 GO:0007165,9,0
 GO:0007166,2,0
 GO:0009651,1,0
 GO:0009650,2,1
 GO:0036042,1,0
 GO:0055093,4,1
 GO:0051771,1,0
 GO:0055091,1,0
 GO:0007219,5,2
 GO:0003714,3,0
 GO:0097435,1,0
 GO:0003713,9,0
 GO:0008526,1,0
 GO:0051917,1,0
 GO:0006361,1,0
 GO:0006363,1,0
 GO:0006364,4,0
 GO:0006366,3,0
 GO:0007183,1,0
 GO:0043021,1,0
 GO:0043022,8,0
 GO:0043023,4,0
 GO:0007187,1,0
 GO:0043025,17,0
 GO:0051919,1,0
 GO:0051918,2,0
 GO:0032743,1,0
 GO:0051593,1,0
 GO:0051592,7,0
 GO:0051591,4,0
 GO:0016324,5,0
 GO:0051599,2,1
 GO:0006105,1,0
 GO:0033344,3,0
 GO:0086091,2,1
 GO:1903214,1,0
 GO:0006102,2,1
 GO:0006103,3,1
 GO:0001541,3,0
 GO:1990573,1,0
GO:0005856,2,0
 GO:0017166,5,0
 GO:0017160,1,0
 GO:0019208,1,0
 GO:0006298,1,0
 GO:0005929,2,0
 GO:0005925,73,2
 GO:0005924,1,0
 GO:0005923,2,0
 GO:0005921,2,0
 GO:0005584,2,0
 GO:0005587,2,0
 GO:0005581,1,0
 GO:0005851,1,0
 GO:0005850,1,0
 GO:0004520,1,0
 GO:0004521,1,0
 GO:0005859,1,0
GO:0005938,3,0
 GO:0006749,6,0
GO:0005930,1,0
 GO:0002042,1,0
 GO:1903364,3,0
 GO:0046039,1,0
 GO:0046034,3,1
 GO:0042063,1,0
 GO:0042060,8,2
 GO:0072657,1,0
 GO:0072307,1,0
 GO:0072659,2,0
 GO:0061481,1,0
 GO:0050544,3,0
 GO:0004298,10,0
GO:0031012,1,0
 GO:0004450,1,1
 GO:0004459,1,0
 GO:0005102,15,1
 GO:0045963,1,0
GO:0005737,97,2
 GO:0035774,1,0
 GO:0006631,3,0
 GO:0006637,2,0
 GO:0035773,1,0
 GO:0006635,7,0
 GO:0034604,1,0
 GO:0034605,1,0
 GO:0031492,1,0
GO:0005739,2,0
 GO:0048754,3,0
 GO:0046326,1,0
 GO:0046329,1,0
 GO:0004857,1,0
 GO:0042531,1,0
 GO:0034190,1,0
 GO:0034191,1,0
 GO:0010165,1,0
 GO:0050766,3,0
 GO:0050765,2,0
GO:0030529,2,0
 GO:0004180,1,0
 GO:0004181,1,0
 GO:0046813,1,0
 GO:0004674,1,0
 GO:0004673,1,0
 GO:0031105,1,0
 GO:0031103,1,0
 GO:0031100,5,0
 GO:0005215,1,0
 GO:0002036,1,0
 GO:0005212,1,0
 GO:0045211,1,0
 GO:0010811,2,0
 GO:0045213,1,0
 GO:0014068,4,2
 GO:0014069,4,0
 GO:0045216,1,0
 GO:1990000,1,0
 GO:1901216,1,0
 GO:1901215,2,0
 GO:0014067,1,0
 GO:0072274,1,0
 GO:0002031,1,0
 GO:0004565,1,0
 GO:0030674,4,1
 GO:0031838,1,0
 GO:0001222,1,0
 GO:0030670,5,0
 GO:0098794,1,0
 GO:0098792,4,0
 GO:0070653,1,0
 GO:1901030,1,0
 GO:0004074,1,0
 GO:0034976,5,0
 GO:0060193,1,0
 GO:0060192,1,0
 GO:0020027,2,1
 GO:2000541,1,0
 GO:1902546,1,0
 GO:0006412,14,0
 GO:0005768,10,0
 GO:0090307,2,0
 GO:0010903,1,0
 GO:0090303,1,0
 GO:0060976,1,0
 GO:0005681,9,0
 GO:0030073,1,0
 GO:0001649,10,1
 GO:0045780,2,0
 GO:0045787,1,0
 GO:0090168,1,0
 GO:0045785,1,0
 GO:0001825,1,0
 GO:0001822,5,2
 GO:0019682,1,0
 GO:0071438,1,0
 GO:0070436,1,0
 GO:2000401,1,0
 GO:0090498,1,0
 GO:0045545,1,0
 GO:0045541,1,0
GO:0000777,1,0
 GO:0018171,1,0
 GO:0031258,3,0
 GO:0032290,1,0
GO:0045121,1,0
 GO:0031252,1,0
 GO:0031253,1,0
 GO:0048210,1,0
 GO:0001738,2,0
 GO:0009267,2,0
 GO:0009268,1,0
 GO:0043235,1,0
 GO:0043234,23,0
 GO:0043237,1,0
 GO:0043236,3,0
 GO:0043231,17,1
 GO:0044548,1,0
 GO:0010494,3,0
 GO:0042113,1,0
 GO:0071320,2,0
 GO:0044233,1,0
 GO:0001916,2,0
 GO:0070508,1,0
 GO:0070507,2,0
 GO:0001919,1,0
 GO:0032127,1,0
 GO:0008021,6,0
 GO:0008022,9,1
 GO:0031490,3,0
 GO:0098779,8,0
 GO:0043523,2,0
 GO:0043525,2,0
 GO:0043524,10,0
 GO:0051612,1,0
 GO:0007517,3,0
 GO:0051346,2,0
 GO:0007512,1,0
 GO:0051345,1,0
 GO:0043653,1,0
 GO:0007519,5,1
 GO:0030850,2,0
 GO:0030857,1,0
 GO:0010710,1,0
 GO:0030855,9,1
 GO:0030854,1,0
 GO:0008285,4,0
 GO:0008284,11,0
 GO:0008286,2,0
 GO:0008283,7,0
 GO:0006919,4,0
 GO:0051294,1,0
 GO:0051295,1,0
 GO:0006915,9,0
 GO:0006914,5,0
 GO:0008289,6,0
 GO:0051291,5,0
 GO:0006911,1,0
 GO:0006097,1,1
 GO:0051764,2,0
 GO:0009642,1,1
 GO:0000777,1,0
 GO:0007179,3,0
 GO:0051297,1,0
 GO:0003279,1,0
 GO:0032925,1,0
 GO:0007200,1,0
 GO:0006913,12,0
 GO:0007204,1,0
 GO:0004364,1,0
 GO:0006355,9,0
 GO:0006357,5,1
 GO:0006351,22,0
 GO:0051901,1,1
 GO:0043014,1,0
 GO:0007195,1,0
 GO:0032755,1,0
 GO:0006821,4,0
 GO:0006826,1,0
 GO:0006825,2,0
 GO:1902896,1,0
GO:0031225,1,0
 GO:0005811,2,0
 GO:0008354,1,0
 GO:0005737,96,3
 GO:0005730,40,0
GO:0045177,6,0
 GO:0005739,68,3
 GO:1903206,1,0
 GO:0005547,2,0
 GO:0097350,1,0
 GO:0017157,2,0
GO:0030863,2,0
GO:0030864,3,0
 GO:0012501,1,0
 GO:0012505,2,0
 GO:0012506,3,1
 GO:0000776,2,0
 GO:0055117,1,0
 GO:0002674,1,0
 GO:0055114,6,0
 GO:0042470,22,0
 GO:0002291,1,0
 GO:0005840,4,0
 GO:0042475,5,0
 GO:0042476,1,0
 GO:1904188,1,1
 GO:0019985,1,0
GO:0005901,2,0
GO:0005903,1,0
 GO:0030953,1,0
 GO:0006006,3,0
 GO:1903377,1,0
 GO:1902231,1,0
 GO:1902235,1,0
 GO:0017022,2,0
 GO:0010629,3,0
 GO:0002457,1,0
 GO:0072318,1,0
 GO:0050885,3,0
 GO:0090324,1,0
 GO:0019626,1,0
 GO:0006468,2,0
 GO:0004462,1,0
 GO:1901185,1,0
 GO:0034361,3,0
 GO:0006644,2,0
 GO:0034365,1,0
 GO:0034364,3,0
 GO:0006641,3,1
 GO:0034366,1,0
 GO:0048741,1,0
 GO:0004860,1,0
 GO:0004864,1,0
 GO:0004867,2,0
 GO:0004866,2,0
 GO:0004869,3,0
 GO:0072001,1,0
 GO:0050774,1,0
 GO:0050775,1,0
 GO:0050776,1,0
 GO:0050773,1,0
 GO:0034260,2,0
 GO:0034380,1,0
 GO:0042699,1,0
 GO:0060699,1,0
 GO:0060690,1,0
GO:0030136,1,0
 GO:0005200,4,0
 GO:0005201,7,1
 GO:0030449,1,0
 GO:0034707,3,0
 GO:0045202,6,0
 GO:0034701,1,0
 GO:0014059,1,0
 GO:1903146,1,0
GO:0005694,1,0
 GO:0000287,4,1
 GO:0010008,2,0
 GO:0042026,3,0
 GO:0032357,1,0
 GO:0032355,10,1
 GO:0015232,1,0
 GO:0031674,2,0
 GO:0032358,1,0
 GO:0031398,4,0
 GO:0031397,3,0
 GO:0031396,1,0
 GO:0004089,2,0
 GO:0031394,1,0
 GO:2000379,2,0
 GO:2000378,1,0
 GO:0035385,1,0
 GO:0020037,3,1
 GO:2000377,1,0
 GO:0090314,1,0
 GO:0031000,1,0
 GO:0060740,1,0
 GO:0030061,1,0
 GO:0035019,1,0
 GO:0034014,1,0
 GO:0031625,12,0
 GO:0045793,1,0
 GO:0031623,4,0
 GO:0010595,2,0
 GO:0010596,2,1
GO:0048269,1,0
 GO:1904237,2,1
GO:0008180,1,0
 GO:0000187,4,0
 GO:0000184,2,0
 GO:0032287,2,0
 GO:0071559,1,0
 GO:0008210,1,0
GO:0000166,1,0
 GO:0090559,1,0
 GO:0009253,1,0
 GO:0090004,3,0
 GO:0090557,2,0
 GO:0090002,5,0
 GO:0051585,1,0
 GO:0018158,2,0
 GO:0031532,8,0
 GO:0044207,1,0
 GO:0071354,1,0
 GO:0071353,3,0
 GO:0000165,1,0
 GO:0000166,25,0
 GO:0031589,3,0
 GO:0001963,1,0
 GO:0001961,1,0
 GO:0032139,1,0
 GO:0000980,3,0
 GO:0001968,3,1
 GO:0008035,1,0
 GO:0051117,6,0
 GO:0043536,1,0
 GO:0044849,1,0
 GO:0043532,1,0
 GO:0043531,3,0
 GO:0000502,12,0
 GO:0015091,1,0
 GO:0043539,1,0
 GO:0051622,1,0
 GO:0016810,1,0
 GO:0043312,1,0
 GO:0009749,2,0
 GO:1901838,1,0
 GO:0071774,1,0
 GO:0071773,1,0
GO:0016607,3,0
 GO:0015701,1,0
 GO:0006909,3,0
 GO:0006904,1,0
 GO:0006907,1,0
 GO:0006900,1,0
 GO:0005637,1,0
 GO:0055072,3,0
 GO:0048008,1,0
 GO:0009106,1,0
 GO:0009100,1,0
 GO:0060347,1,0
 GO:0051246,1,0
 GO:0043000,1,0
 GO:0043001,1,0
 GO:0032729,1,0
 GO:0043005,5,0
 GO:0032727,1,0
 GO:0043008,1,0
 GO:0032720,1,0
 GO:0010737,1,0
 GO:0017091,2,0
 GO:0007528,4,0
 GO:0002842,1,0
 GO:0007520,1,0
 GO:0008615,1,0
 GO:0008344,4,0
 GO:0008347,2,0
 GO:0006122,1,1
 GO:0007017,1,0
 GO:0006120,1,0
 GO:0008097,2,0
 GO:0030016,2,0
 GO:0017148,5,0
 GO:0006509,1,0
 GO:0016853,3,0
 GO:0017145,1,0
 GO:0021680,2,0
 GO:0007010,4,0
 GO:0032432,1,0
 GO:0019226,3,0
 GO:0019221,1,0
 GO:0032436,1,0
 GO:0032435,1,0
 GO:0032434,1,0
 GO:0097454,1,0
 GO:0071000,1,0
 GO:0021510,1,0
 GO:0019228,1,0
 GO:0005901,2,0
 GO:0005903,7,0
 GO:0005902,5,0
 GO:0005905,4,0
 GO:0055102,1,0
 GO:0000054,1,0
GO:0071013,7,0
 GO:0047496,1,0
 GO:0042448,1,0
 GO:0002026,2,0
 GO:0046784,1,0
 GO:0002024,1,0
GO:0005913,2,0
GO:0005912,2,0
 GO:0002021,1,0
 GO:0002020,5,0
 GO:0010628,11,1
 GO:0005697,1,0
 GO:0002028,2,0
 GO:1900122,1,0
 GO:0046010,1,0
 GO:0033093,1,0
 GO:0032914,1,0
 GO:1903991,1,0
 GO:0002934,1,1
 GO:0002931,2,0
 GO:0072102,1,0
 GO:0004478,1,0
 GO:0032230,1,0
 GO:0045940,1,0
 GO:0045944,13,1
 GO:2000146,2,1
 GO:2000147,1,0
 GO:0006656,2,0
 GO:0034375,1,0
 GO:0034372,1,0
 GO:0031947,1,0
 GO:0070527,11,0
 GO:0072583,1,0
 GO:1990730,1,0
 GO:0034379,1,0
 GO:0004872,1,0
 GO:0004871,4,0
 GO:0005871,1,0
 GO:0005938,12,0
 GO:0038128,1,0
 GO:0005875,1,0
 GO:0005874,8,0
 GO:0005876,2,0
 GO:0070995,1,0
 GO:0080025,1,0
 GO:0042535,1,0
 GO:0050982,1,0
 GO:0034392,1,0
 GO:0034393,1,0
 GO:0034394,3,0
 GO:0072358,1,0
 GO:0060351,2,0
 GO:0060354,1,0
 GO:0046166,1,0
 GO:0005930,1,0
 GO:0043024,1,0
 GO:1990023,1,0
 GO:0014044,1,0
 GO:0045893,6,0
 GO:0045892,11,0
 GO:0030274,1,0
 GO:0042220,2,0
 GO:0042995,5,0
 GO:0042993,2,0
 GO:0034719,1,0
 GO:0014048,1,0
 GO:0014049,1,0
 GO:0005844,5,0
 GO:0055037,5,0
 GO:0030492,1,0
 GO:0030490,1,0
 GO:0030496,10,0
 GO:0004096,1,1
 GO:0004252,4,0
 GO:0031018,1,0
 GO:0048589,1,0
 GO:0090367,1,0
 GO:0031016,1,0
 GO:0010922,1,0
 GO:0031012,26,0
 GO:0035025,2,0
 GO:0035024,1,0
 GO:0060735,1,0
 GO:0060732,1,0
 GO:0035023,2,0
 GO:0030010,2,0
 GO:0010107,1,0
 GO:0060228,2,0
 GO:0060739,1,0
 GO:0030018,15,2
 GO:0070181,2,0
 GO:0016607,6,0
 GO:0070182,1,0
 GO:0090102,1,0
 GO:0016600,2,0
 GO:0016601,1,0
 GO:0031639,4,0
GO:0044295,1,0
 GO:0005849,1,0
 GO:0034451,1,0
 GO:1901164,1,0
 GO:0004222,2,0
 GO:0036438,1,0
 GO:0061084,1,0
 GO:0030659,7,0
 GO:0031701,1,0
 GO:0001755,2,0
 GO:0044140,1,0
 GO:0001205,1,0
 GO:0060230,1,0
 GO:0044212,5,0
 GO:0071345,1,0
 GO:0090611,1,0
 GO:0071347,3,0
 GO:0000151,2,0
 GO:0031526,2,0
 GO:0031527,1,0
 GO:0001974,2,0
 GO:0001975,3,0
 GO:0000977,2,0
 GO:0000976,1,0
 GO:0000974,1,0
 GO:0000979,1,0
 GO:0000978,1,0
 GO:0098592,1,0
 GO:0019732,2,0
 GO:0019731,3,0
 GO:0032385,1,0
 GO:0000082,1,0
 GO:0051603,10,0
 GO:0071902,5,0
 GO:0044325,7,0
 GO:0048168,1,0
 GO:0048169,2,0
 GO:0044320,1,0
 GO:0034116,3,0
 GO:0043679,2,0
 GO:0016559,1,0
 GO:0016556,1,0
 GO:0060334,2,0
 GO:0016805,1,0
 GO:0003985,1,0
 GO:0070365,1,0
 GO:0033700,2,0
 GO:0034445,1,0
 GO:0006930,2,0
 GO:0006933,1,0
 GO:0032652,1,0
 GO:0006937,1,0
 GO:0006936,3,0
 GO:0006939,1,0
 GO:0009890,1,0
 GO:0008199,1,0
 GO:0008198,2,0
 GO:0000790,2,0
 GO:0043259,2,0
 GO:0043256,1,0
 GO:0000164,1,0
 GO:0048015,1,0
 GO:0051258,4,0
 GO:0051259,1,0
 GO:0007224,2,0
 GO:0051926,1,0
 GO:0051924,1,0
 GO:0006334,3,0
 GO:0051920,1,0
 GO:0097110,5,2
 GO:0032735,1,0
 GO:0042073,1,0
 GO:0032731,1,0
 GO:0032733,1,0
 GO:0033673,1,0
 GO:0033676,1,0
 GO:0006805,1,0
 GO:0006807,1,0
 GO:0051639,1,0
 GO:0008379,3,0
 GO:0003677,16,0
 GO:0003857,2,0
 GO:0002102,5,0
 GO:0008408,1,0
 GO:0090051,1,0
 GO:0006241,1,0
 GO:0070051,1,1
 GO:0019233,1,0
 GO:0003691,3,0
 GO:0003690,3,0
 GO:0003697,6,0
 GO:1902856,1,0
 GO:0032420,3,0
 GO:0032421,2,0
 GO:0032422,1,0
 GO:0032930,2,0
 GO:0032429,1,0
 GO:0005916,6,1
 GO:0005914,1,0
 GO:0005915,2,0
 GO:0005912,2,0
 GO:0005913,6,0
 GO:0005911,9,2
 GO:0055131,2,0
GO:0005604,11,1
 GO:0047485,4,0
GO:0016235,2,0
 GO:0006065,1,0
 GO:0098911,2,1
 GO:0005688,1,0
 GO:0005687,1,0
 GO:0005685,2,0
 GO:0002039,1,0
 GO:0006068,1,0
 GO:0042056,1,0
 GO:0017046,1,0
 GO:0072669,1,0
 GO:0051660,2,0
 GO:1990126,1,0
 GO:0072661,2,0
 GO:0017048,1,0
 GO:0002925,1,0
 GO:0072112,1,0
 GO:1990836,1,0
 GO:1990831,1,0
 GO:0051702,1,0
 GO:2000177,1,0
GO:0042582,1,0
 GO:0046689,2,0
 GO:0046688,3,0
 GO:0046686,4,1
 GO:0006662,1,0
 GO:0006665,1,0
 GO:0060501,1,0
 GO:0006469,1,0
 GO:0007405,1,0
 GO:1903407,1,0
 GO:0006463,1,0
 GO:0006461,2,0
 GO:0072593,2,0
 GO:0034145,1,0
 GO:0061741,1,0
 GO:1990239,1,0
 GO:0005865,1,0
 GO:0061299,1,0
 GO:0030395,1,0
GO:0005783,10,0
 GO:2000286,1,0
GO:0005789,2,0
 GO:1902685,1,0
 GO:0060346,2,0
 GO:1902042,5,0
 GO:1902041,1,0
 GO:0035145,1,0
 GO:0035634,1,0
 GO:0060348,2,0
 GO:0060349,1,0
 GO:0014704,11,1
 GO:1901224,3,0
 GO:0045887,1,0
 GO:0045880,1,0
 GO:1903533,1,0
 GO:0046755,2,0
 GO:0042981,3,0
 GO:0004791,1,0
 GO:0010608,2,0
 GO:0001569,1,0
 GO:0001568,3,0
 GO:0051085,2,0
 GO:0030485,1,0
 GO:0005319,1,0
 GO:0031023,1,0
 GO:0010288,2,1
 GO:0045089,1,0
 GO:2001189,1,0
 GO:0045087,11,0
 GO:2000353,1,0
 GO:2000352,4,0
 GO:0030007,1,0
 GO:0061635,1,0
 GO:0044130,1,0
 GO:1901317,1,0
 GO:0050750,2,0
 GO:0001306,1,0
 GO:0001948,7,0
 GO:0051087,9,0
 GO:0001227,1,0
 GO:0030017,3,0
GO:0000781,1,0
 GO:0071800,1,0
GO:0000785,1,0
 GO:0071375,1,0
 GO:0010739,1,0
 GO:0043030,1,0
 GO:0030139,6,0
 GO:0090575,3,0
 GO:0001765,1,0
 GO:0001764,2,0
 GO:0001768,1,0
 GO:0030133,2,0
 GO:0030135,1,0
 GO:0048489,2,0
 GO:0048488,2,0
 GO:0071803,2,0
 GO:0044594,1,0
 GO:0044265,1,0
 GO:0000413,3,0
 GO:0000146,3,0
 GO:0044262,1,0
 GO:0043488,2,0
 GO:0000145,2,0
 GO:0031514,1,0
 GO:0043484,3,0
 GO:0001942,1,0
 GO:0031513,2,0
 GO:0031512,1,0
 GO:0045629,1,0
 GO:2000767,1,0
 GO:0001786,2,0
 GO:0045627,1,0
 GO:0051130,1,0
 GO:0032391,2,0
 GO:0032395,1,0
 GO:0045745,1,0
 GO:0036398,1,0
 GO:0048156,1,0
 GO:0051489,1,0
 GO:0007032,1,0
 GO:0007031,1,0
 GO:0007030,2,0
 GO:0043666,1,0
 GO:0007035,1,0
 GO:0097211,1,0
 GO:0030863,5,0
 GO:0045740,3,0
 GO:0030866,3,0
 GO:0009566,1,0
 GO:0030864,3,0
 GO:0030865,1,0
 GO:0016010,3,1
 GO:0003998,1,0
 GO:0071711,1,0
 GO:0003994,1,0
 GO:0070374,7,0
 GO:0070372,3,0
 GO:0070373,4,1
 GO:0051082,5,0
 GO:0070371,1,0
 GO:0036089,1,0
 GO:0071480,1,0
 GO:0008745,1,0
 GO:0006928,1,0
 GO:0051006,2,0
 GO:0000784,2,0
 GO:0000785,1,0
 GO:0000786,1,0
 GO:0008186,1,0
 GO:0048027,1,0
 GO:0048026,3,0
 GO:0008180,6,0
 GO:0007257,1,0
 GO:0097100,1,0
 GO:0051260,8,0
 GO:0051262,3,1
 GO:0071159,1,0
 GO:0043065,5,0
 GO:0043066,25,1
 GO:0051798,1,0
 GO:0071621,1,0
 GO:0071625,1,0
 GO:0071398,1,0
 GO:0007275,5,1
 GO:0006810,2,0
 GO:0006811,2,0
 GO:0006816,1,0
 GO:0052689,1,0
 GO:0008360,13,0
 GO:0008361,2,0
 GO:0097581,1,0
 GO:0051315,1,0
 GO:0051640,1,0
 GO:0002135,1,0
 GO:0002134,1,0
GO:0015629,19,0
 GO:0097368,1,0
 GO:0006491,1,0
 GO:0048873,1,0
 GO:0003334,1,0
 GO:0044297,1,0
 GO:0003682,5,0
 GO:0043113,2,0
 GO:0003684,4,0
 GO:0042627,2,0
 GO:0016239,1,1
 GO:0032410,1,0
 GO:0033512,1,0
 GO:0033116,1,0
 GO:0016234,2,0
 GO:0002009,4,0
 GO:0005070,2,0
 GO:0008104,3,0
 GO:0006783,2,0
 GO:0048255,2,0
 GO:0033270,1,0
 GO:0021795,1,0
 GO:0038033,1,0
 GO:0019882,1,0
 GO:1990138,1,0
 GO:0019884,1,0
 GO:0019886,1,0
 GO:0002481,1,0
 GO:0042731,1,0
 GO:0042730,5,0
 GO:0019863,1,0
 GO:0004416,1,0
 GO:0019865,1,0
 GO:0035731,1,0
 GO:0035730,1,0
 GO:0051091,2,0
 GO:0046696,1,0
 GO:0046697,2,0
 GO:0005783,23,1
 GO:0005782,1,0
 GO:0006470,2,0
 GO:0007034,2,0
 GO:0005789,6,0
 GO:0005788,13,0
 GO:0035066,1,0
 GO:0005890,1,0
 GO:0003069,1,0
 GO:0046676,2,0
 GO:0097332,1,0
 GO:0051099,1,0
GO:0005793,1,0
 GO:2000296,1,0
 GO:0072546,1,0
 GO:0004300,1,0
 GO:0005528,2,0
 GO:0036376,1,0
 GO:0005523,1,0
 GO:0005522,3,0
 GO:0005254,4,0
 GO:0005525,22,0
 GO:0005524,27,1
 GO:0035606,1,0
 GO:0050699,1,0
 GO:0005093,1,0
 GO:0046777,1,0
 GO:0060409,1,0
 GO:0005096,5,0
 GO:1903507,1,0
 GO:1903506,2,0
GO:0005662,1,0
 GO:0046898,1,0
 GO:0046961,3,0
 GO:0004784,3,0
 GO:0001570,1,0
 GO:0010634,1,0
 GO:0035198,1,0
 GO:0010633,1,0
 GO:0030665,1,0
 GO:0060395,4,0
 GO:0060394,1,0
 GO:0035196,1,0
 GO:0006801,2,0
GO:0031362,1,0
 GO:0030667,1,0
 GO:0046982,5,0
 GO:0046983,1,0
 GO:0016019,1,0
 GO:0048368,1,0
 GO:0010212,2,0
 GO:0035518,1,0
 GO:0090343,1,0
 GO:0031032,5,0
 GO:0048568,1,0
 GO:0030030,1,0
 GO:0030033,1,0
 GO:0030032,1,0
 GO:0060242,1,0
 GO:0030036,12,0
 GO:0060088,2,0
 GO:0034021,1,0
 GO:0045989,1,0
 GO:0060081,1,0
 GO:0045987,2,0
 GO:0060087,1,0
 GO:0001106,1,0
 GO:0032091,1,0
 GO:0001315,1,0
 GO:0032092,6,0
 GO:0030838,5,0
 GO:0045502,2,0
 GO:0045055,1,0
 GO:0045054,1,0
 GO:0022627,4,0
 GO:0031290,1,0
 GO:0031297,1,0
 GO:0031295,1,0
 GO:0004129,1,0
 GO:1902476,2,0
 GO:0004127,1,0
 GO:0045184,2,0
 GO:0001774,1,0
 GO:0001775,1,0
 GO:0001772,7,0
 GO:0030100,1,0
 GO:0001778,1,0
 GO:0060662,1,0
 GO:1900180,1,0
 GO:0031503,1,0
 GO:0071364,3,0
 GO:0071813,1,0
 GO:0071363,3,1
 GO:0001958,2,0
 GO:0000422,1,0
 GO:0070541,1,0
 GO:0001957,2,0
 GO:0090637,1,0
 GO:0070542,1,1
 GO:0035865,1,0
 GO:0000139,4,0
 GO:0001951,1,0
 GO:0001798,1,0
 GO:0045618,1,0
 GO:0045617,1,0
 GO:2000573,1,0
 GO:0048148,1,0
 GO:0048146,2,1
 GO:0048147,3,0
 GO:0042826,4,0
 GO:0000226,1,0
 GO:0044691,1,0
 GO:0031616,1,0
 GO:0048384,1,0
 GO:0031345,1,0
 GO:0031346,1,0
 GO:0048387,1,0
 GO:0007021,1,0
 GO:0000049,1,0
 GO:0007023,1,0
 GO:0008083,1,0
 GO:0008081,1,0
 GO:0004165,1,0
 GO:0051496,4,0
 GO:0036344,1,0
 GO:0051495,1,0
 GO:0051493,1,0
 GO:0000045,1,0
 GO:0051491,2,0
 GO:0015758,2,0
 GO:0070389,1,0
 GO:0071709,1,0
 GO:0043589,2,0
 GO:0043588,3,1
 GO:0051018,1,0
GO:0005911,3,0
 GO:0030316,2,0
 GO:2000623,1,0
 GO:0002376,1,0
 GO:0051012,1,0
 GO:0051010,1,0
 GO:0051011,1,0
 GO:0071498,1,0
 GO:2000628,1,0
 GO:0051015,11,0
 GO:0008177,1,0
 GO:0016491,4,0
 GO:0043277,1,0
 GO:0016485,1,0
 GO:0008179,1,0
 GO:0016480,1,0
 GO:0051272,2,0
 GO:0006310,2,0
 GO:0051271,3,0
 GO:0051276,1,0
 GO:0097178,1,0
 GO:1902904,1,0
 GO:1902902,1,0
 GO:0071638,1,0
 GO:0032717,1,0
 GO:0051781,1,1
 GO:0051787,1,0
 GO:0043292,1,0
 GO:0043297,3,0
 GO:0043296,1,0
 GO:0043295,1,0
 GO:0015629,2,0
 GO:0006869,1,0
 GO:0071380,1,0
 GO:0071383,1,0
 GO:0071385,2,0
GO:0005923,3,0
 GO:0060213,1,0
 GO:0051659,1,0
 GO:0042030,2,0
 GO:0051301,6,0
 GO:0061304,1,0
 GO:0008426,1,0
 GO:0042393,2,0
GO:0005884,2,0
 GO:0051873,1,0
 GO:0032402,1,0
 GO:0032403,5,1
 GO:0051879,2,0
 GO:0043123,5,0
 GO:0043122,1,0
 GO:1903052,1,0
 GO:0016222,1,0
 GO:0021819,1,0
 GO:0008553,1,0
 GO:0097481,3,0
 GO:0002639,1,0
 GO:0002548,3,0
 GO:0000910,5,0
 GO:0002544,2,0
 GO:0045792,2,0
 GO:0005662,1,0
 GO:0048813,1,0
 GO:0061732,1,0
 GO:0005667,5,0
 GO:0005669,1,0
GO:0022627,1,0
 GO:0005388,1,0
 GO:0038027,1,0
 GO:0019894,1,0
 GO:1990459,1,0
 GO:0019898,5,0
 GO:0019899,13,1
 GO:0019388,1,0
 GO:0045121,14,0
 GO:0032880,3,0
 GO:0030048,3,0
 GO:0042098,2,0
 GO:0035726,1,0
 GO:1902115,3,0
 GO:1902118,1,0
 GO:1903427,1,0
 GO:0048704,1,0
 GO:0005795,1,0
 GO:0048706,1,0
 GO:0005790,5,0
 GO:0005791,7,0
 GO:0005793,8,0
 GO:0021987,1,0
 GO:0005798,1,0
 GO:0050900,2,0
 GO:0034120,1,0
 GO:0005881,1,0
 GO:0005882,10,1
 GO:0005884,3,0
 GO:0021678,1,0
 GO:0005886,93,6
 GO:0005887,2,0
 GO:0048771,1,0
 GO:0021670,1,0
GO:0009897,1,0
 GO:0042541,1,0
 GO:0042542,8,0
 GO:0005539,2,1
 GO:0005244,4,0
 GO:0071394,1,0
 GO:0005534,1,0
 GO:0005537,1,0
 GO:0006101,1,0
 GO:0048639,1,0
 GO:0042274,2,0
 GO:0005080,4,1
 GO:0030241,1,0
 GO:0050680,1,0
 GO:0050681,1,0
 GO:0034237,1,0
 GO:0034236,1,0
 GO:0048185,1,0
 GO:0061383,1,0
 GO:0090280,1,0
 GO:0001540,1,0
 GO:0001542,1,0
GO:0000235,1,0
 GO:0035690,3,0
 GO:0080184,1,1
 GO:0060707,1,0
 GO:0035508,1,0
 GO:0060706,2,1
 GO:0035507,1,0
 GO:0045335,5,0
 GO:0045995,3,0
 GO:1903608,1,0
 GO:1901373,1,0
 GO:0010248,1,0
 GO:0040012,1,0
 GO:0040014,1,0
 GO:0040015,1,0
 GO:0010718,2,0
 GO:0010719,1,0
 GO:0040018,2,0
 GO:0040019,2,0
 GO:0010243,1,0
 GO:0045046,1,0
 GO:0010898,2,0
GO:0042641,1,0
 GO:2000249,2,0
 GO:0000305,1,0
 GO:0031755,1,0
 GO:0000307,1,0
 GO:0098639,1,0
 GO:0000302,7,1
 GO:0000303,2,0
 GO:0060670,1,0
 GO:0045429,3,0
 GO:0030117,1,0
 GO:0044117,1,0
 GO:0048037,2,0
 GO:0031715,1,0
 GO:0000122,13,0
 GO:0070557,1,0
 GO:0070555,2,0
 GO:0031579,1,0
 GO:0030041,2,0
 GO:0071556,1,0
 GO:0008053,1,0
 GO:1902177,2,0
 GO:1900229,1,0
 GO:1900738,1,0
 GO:0035748,1,0
 GO:0071953,1,1
 GO:0045931,1,0
 GO:0090136,2,0
 GO:0001895,6,0
 GO:0001894,1,0
 GO:0001893,1,0
 GO:0035987,5,0
 GO:0001891,1,0
 GO:0031372,1,0
 GO:0007015,7,1
 GO:0051461,1,0
 GO:0007016,1,0
 GO:0008090,2,0
 GO:0008091,1,0
 GO:0008092,1,0
 GO:0031402,1,0
 GO:0007019,1,0
 GO:0000055,1,0
 GO:0000056,1,0
 GO:0034614,2,0
 GO:0043596,1,0
GO:0071944,6,1
 GO:0015031,12,0
 GO:0015035,1,0
 GO:0015036,1,0
 GO:0015037,1,0
 GO:0033595,1,0
 GO:0019244,1,0
 GO:0055038,2,0
 GO:0019674,1,0
 GO:0051068,1,0
 GO:0019243,2,0
 GO:0009142,3,1
 GO:0033599,1,0
 GO:0006397,14,0
 GO:0048041,4,0
 GO:0071356,2,0
 GO:0044240,1,0
 GO:0046470,1,0
 GO:0043047,1,0
 GO:0043044,1,0
 GO:0051209,1,0
 GO:0016459,4,0
 GO:0043280,3,0
 GO:0033622,2,0
 GO:0033627,1,0
 GO:0015630,7,0
 GO:0015631,3,0
 GO:0006879,4,0
 GO:0006874,1,0
 GO:0034185,1,0
GO:0000932,1,0
 GO:0005576,28,0
 GO:0003824,1,0
 GO:0008305,1,0
 GO:0008306,1,0
 GO:0008307,3,0
 GO:0051665,1,0
 GO:0008309,1,0
 GO:0008432,2,0
 GO:0008430,3,0
 GO:0005796,3,0
 GO:0086036,1,0
 GO:0002793,2,0
 GO:0097010,1,0
 GO:0043130,1,0
 GO:0097546,1,0
 GO:0051683,1,0
 GO:0001842,1,0
 GO:0032471,2,0
 GO:0019062,1,0
 GO:0033138,4,0
 GO:0019068,1,0
 GO:2000811,1,0
 GO:0097498,1,0
 GO:0003229,1,0
 GO:0008233,6,0
 GO:0008234,2,0
 GO:0008235,2,0
 GO:0008237,2,0
 GO:0032982,1,0
 GO:0009967,2,0
 GO:0002576,3,0
 GO:0005654,64,1
 GO:0005657,1,0
 GO:0048821,1,0
 GO:0022904,2,0
 GO:0005652,1,0
 GO:0045296,3,0
 GO:0017070,1,0
GO:0043231,3,0
 GO:0030300,2,0
 GO:0032508,1,0
 GO:0030198,16,1
 GO:0032873,1,0
 GO:0032872,2,0
 GO:0032870,1,0
 GO:0002159,1,0
 GO:2000469,1,0
 GO:0008134,8,0
 GO:2000107,1,0
 GO:0005778,3,1
 GO:0019843,1,0
 GO:0048739,1,0
 GO:0048738,2,0
 GO:0006694,1,0
 GO:0006695,1,0
GO:0034663,1,0
 GO:0042391,1,0
 GO:0006450,1,0
 GO:0061738,1,0
 GO:0006457,12,0
 GO:0038166,1,0
 GO:0043534,3,0
GO:0072562,18,0
 GO:0042157,1,0
 GO:0042158,1,0
 GO:0019285,1,0
GO:0031941,1,0
 GO:0004322,1,0
 GO:0072563,1,0
 GO:0072562,5,0
 GO:0005509,31,2
 GO:2000036,1,0
 GO:0005504,3,0
 GO:0005507,4,0
 GO:0005506,4,0
 GO:0072091,1,0
 GO:2001202,2,1
 GO:2001205,2,0
 GO:0030239,1,0
 GO:0034665,1,0
 GO:0045859,2,0
 GO:0030234,1,0
 GO:0034220,1,0
 GO:0050830,6,0
 GO:0050839,5,0
 GO:0034599,3,0
 GO:0001085,1,0
 GO:0050658,1,0
 GO:0030235,1,0
 GO:0045295,1,0
 GO:0045294,2,0
 GO:0060307,1,0
 GO:0048549,2,0
 GO:0042974,1,0
 GO:0004743,1,0
 GO:0035556,1,0
 GO:0005344,1,0
 GO:0060265,1,0
 GO:0035067,1,0
 GO:0060266,1,0
 GO:0060268,1,0
 GO:0015914,1,0
 GO:0046658,1,0
 GO:0034045,1,0
 GO:0034046,1,0
 GO:1903673,1,0
 GO:0030346,1,0
 GO:0035264,1,0
 GO:0042572,1,0
 GO:0035088,1,0
 GO:0040020,1,0
 GO:0045071,1,0
 GO:0045070,2,0
 GO:0031234,2,0
 GO:0034988,1,0
 GO:0019885,1,0
 GO:0033077,1,0
 GO:0016936,1,0
 GO:2001028,1,0
 GO:0001558,1,0
 GO:0030163,2,0
 GO:0030162,1,0
 GO:0010873,2,0
 GO:0045454,11,0
 GO:0030168,3,0
 GO:0032183,1,0
 GO:0070064,1,0
 GO:0010477,1,0
 GO:0045177,2,0
 GO:0045672,1,0
 GO:0045171,1,0
 GO:1900027,2,0
 GO:0071944,5,0
 GO:0071942,1,0
 GO:0001889,6,0
 GO:0031365,1,0
 GO:0001885,1,0
 GO:0070495,1,0
 GO:0060117,1,0
 GO:0001881,1,0
 GO:0001882,1,0
 GO:0030833,1,0
 GO:0030836,2,0
 GO:0031410,4,0
 GO:0040029,1,0
 GO:0016020,100,2
 GO:0016021,7,0
 GO:0000062,1,0
 GO:0021895,1,0
 GO:0032691,1,0
 GO:0010508,1,1
 GO:2000649,1,0
 GO:2000647,1,1
 GO:0010501,1,0
 GO:2000643,4,0
 GO:2000642,1,0
GO:0043679,2,0
 GO:0055003,1,0
 GO:0055007,2,0
 GO:2000483,2,1
 GO:2000484,1,0
 GO:0008154,2,0
 GO:0044257,1,0
 GO:0048025,5,0
 GO:0003143,1,0
 GO:0051216,1,0
 GO:0097157,2,0
 GO:0019869,1,0
 GO:0036035,1,0
 GO:0006998,1,0
 GO:0030903,1,0
 GO:1904434,1,0
 GO:1904437,1,0
 GO:0033631,1,0
 GO:0015643,1,0
 GO:0070232,1,0
 GO:0008333,1,0
 GO:0009791,2,0
 GO:0051020,1,0
 GO:0007000,1,0
 GO:0007006,1,0
 GO:0003032,1,0
 GO:0007005,2,0
 GO:0086004,1,0
 GO:0031982,14,0
 GO:0006207,1,0
 GO:0086009,1,0
 GO:0030055,1,0
 GO:0051453,2,0
 GO:0051693,3,0
 GO:0097029,1,0
 GO:0043149,3,0
 GO:0051028,3,0
 GO:0035368,1,0
 GO:0016209,7,1
 GO:0043565,1,0
 GO:0030054,11,0
 GO:0008209,1,0
 GO:0007268,3,0
 GO:0007269,1,0
 GO:0007266,3,0
 GO:0007264,11,0
 GO:0007265,3,0
 GO:0008201,7,0
 GO:0008203,4,1
 GO:0048839,1,0
 GO:0032991,1,0
 GO:0017053,2,0
 GO:0005640,1,0
 GO:0021589,1,0
 GO:0006511,6,0
 GO:0017080,1,0
 GO:0002317,1,0
 GO:0008542,1,0
 GO:0001651,1,0
 GO:0032513,1,0
 GO:0045597,1,0
 GO:0043161,3,0
 GO:0006228,1,0
 GO:0032868,2,1
 GO:0032869,3,0
 GO:0097513,3,0
 GO:0001659,1,0
 GO:0001658,1,0
 GO:0048713,1,0
 GO:0002368,1,0
 GO:0048712,1,0
 GO:0034101,1,0
 GO:0061700,1,0
 GO:0072718,1,0
 GO:0042382,5,0
 GO:0006422,1,0
 GO:0031960,1,0
 GO:0031069,1,0
 GO:1903284,1,0
 GO:1903285,1,0
 GO:0031965,5,1
 GO:0031966,2,0
 GO:0042416,1,0
 GO:0042417,1,0
 GO:0010466,2,0
 GO:0045765,1,0
 GO:0042149,1,0
 GO:0010884,1,0
 GO:0005516,1,0
 GO:2000002,1,0
 GO:0005518,7,0
 GO:2000008,1,0
 GO:0045840,1,0
 GO:0046718,1,0
 GO:2001237,6,0
GO:0005638,1,0
 GO:0030224,1,0
GO:0005634,5,0
 GO:0006730,3,0
 GO:0030220,2,0
 GO:2001238,1,0
 GO:0046716,2,0
 GO:0050821,7,0
 GO:0000149,1,0
 GO:0050829,4,0
 GO:0045113,1,0
 GO:0021762,3,0
 GO:0033144,2,0
GO:0009986,16,0
 GO:0070830,2,0
 GO:0044319,1,0
 GO:0102008,1,0
 GO:0048538,1,0
 GO:0004771,1,0
 GO:0030595,1,0
 GO:0030593,3,0
 GO:0060271,1,0
 GO:0050792,1,0
 GO:0050790,5,0
 GO:0051694,1,0
GO:0005743,2,1
GO:0005740,1,0
 GO:0046889,1,0
 GO:0060079,1,0
 GO:0042562,1,0
 GO:0032268,1,0
 GO:0005159,1,0
 GO:0031080,1,0
 GO:0060291,1,0
 GO:0090398,1,0
 GO:0045069,1,0
 GO:0035094,1,0
 GO:0046928,1,0
 GO:0046883,1,0
 GO:0042554,2,0
 GO:2001045,1,0
 GO:0000346,1,0
 GO:0004177,2,0
 GO:0004175,1,0
 GO:0003906,2,0
 GO:0000398,5,0
 GO:0030175,6,0
 GO:0030176,1,0
 GO:0030246,5,0
 GO:0030170,1,0
 GO:0031175,5,0
 GO:0045444,1,0
 GO:0045445,3,0
 GO:0001525,12,0
 GO:0001523,2,0
 GO:0072541,1,0
 GO:0010642,1,0
 GO:0001520,1,1
 GO:0070820,1,0
 GO:0030672,1,0
 GO:0000920,3,0
 GO:0045665,3,0
 GO:0045666,1,0
 GO:0070006,1,0
 GO:0010468,2,0
 GO:0045669,3,0
 GO:1900087,3,0
 GO:1900086,1,0
 GO:0044829,1,0
 GO:0097284,2,1
 GO:0000212,1,0
 GO:0009306,3,0
 GO:0044822,110,3
 GO:0044393,1,0
 GO:0044390,1,0
 GO:0035308,1,0
 GO:0070488,2,0
 GO:0071281,2,0
 GO:0071280,1,0
 GO:0071285,1,0
 GO:0071284,1,0
 GO:0071287,1,0
GO:0051286,1,0
 GO:0071288,1,0
 GO:0016055,3,0
 GO:0032680,1,0
 GO:0001780,1,0
 GO:0032689,1,0
 GO:0001851,1,0
 GO:0045716,1,0
 GO:0010517,1,0
 GO:0014839,1,0
 GO:0055015,2,0
 GO:0055010,1,0
 GO:0008143,3,0
 GO:0043931,1,0
 GO:0008144,3,0
 GO:0009411,1,0
 GO:0009410,1,0
 GO:0071847,1,0
 GO:0046661,1,0
 GO:0021943,1,0
 GO:0048260,4,0
 GO:0031226,2,0
 GO:0006986,3,0
 GO:0006987,1,0
 GO:0006982,1,0
 GO:0006983,1,0
 GO:0030911,1,0
 GO:0009636,4,0
 GO:0071665,1,0
 GO:0016479,1,0
 GO:0016477,8,1
 GO:0018401,1,0
 GO:0016471,1,0
 GO:0001886,2,0
 GO:0070493,1,0
 GO:0007585,1,0
 GO:0007584,2,0
 GO:0061136,1,0
 GO:2000786,1,0
 GO:2000785,1,0
 GO:0043626,1,0
 GO:0043627,5,0
 GO:0043624,1,0
 GO:0043622,2,0
 GO:0043623,3,0
 GO:0003376,1,0
 GO:0030317,1,0
 GO:0051539,1,0
 GO:0051538,1,0
 GO:1902396,1,0
 GO:0061133,1,0
 GO:0043154,5,0
 GO:0032532,1,0
 GO:0043152,2,0
 GO:0043153,1,0
 GO:0071681,2,0
 GO:0005094,2,0
 GO:0021861,1,0
 GO:1904715,1,0
GO:1904115,3,0
 GO:0016272,1,0
 GO:0071260,6,0
 GO:0033158,1,0
 GO:0003972,1,0
 GO:0048608,1,0
 GO:0008211,1,0
 GO:0008217,4,0
 GO:0016023,3,0
 GO:0051220,2,0
 GO:0051223,2,0
 GO:0003979,1,0
 GO:0051225,1,0
 GO:0051224,1,0
 GO:0021592,1,0
 GO:0005638,2,0
 GO:0005981,1,0
 GO:0048846,1,0
 GO:0005635,6,0
 GO:0005634,158,4
 GO:0003779,10,0
 GO:0002685,1,0
 GO:0032922,1,0
 GO:0000038,2,0
 GO:0050919,2,0
 GO:0006508,7,0
 GO:0097451,1,0
 GO:0097452,1,0
 GO:0003774,1,0
 GO:0033031,1,0
 GO:0035902,1,0
 GO:0033033,1,0
 GO:0031072,3,0
 GO:0016301,1,0
 GO:0001890,4,1
 GO:0086010,1,0
 GO:0006183,1,0
 GO:0019825,3,0
 GO:2000121,1,0
 GO:0005743,12,1
 GO:0044793,1,0
 GO:0005741,1,0
 GO:0034680,1,0
 GO:0034681,1,0
 GO:0005749,1,0
 GO:0009897,13,0
 GO:0006436,1,0
 GO:0034115,1,0
 GO:1903277,1,0
 GO:0034113,1,0
 GO:0034446,4,0
 GO:0034111,1,0
 GO:0000932,2,0
 GO:0010506,1,0
 GO:0001578,1,0
 GO:0042177,2,0
 GO:1900159,1,0
 GO:0019915,1,0
 GO:0022615,1,0
 GO:0042602,1,0
 GO:0042359,1,0
 GO:0060441,1,0
 GO:0060445,2,0
 GO:0060447,1,0
 GO:0060449,1,0
 GO:0002227,3,0
 GO:0002221,1,0
 GO:2001225,1,0
 GO:0048666,1,0
 GO:0045876,1,0
 GO:0042289,1,0
 GO:0030216,5,1
 GO:0030218,3,0
 GO:0050815,1,0
 GO:1990643,1,0
 GO:0048365,3,0
 GO:0050812,1,0
 GO:0042775,1,0
 GO:0032057,1,0
 GO:0042770,1,0
 GO:0019834,2,0
 GO:0050679,1,0
 GO:0019836,1,0
 GO:2000308,1,0
 GO:0010988,1,0
 GO:0048525,1,0
 GO:2000300,1,0
GO:0016020,3,0
 GO:0005168,1,0
 GO:0015935,3,0
 GO:0015934,1,0
 GO:0034063,1,0
 GO:0043278,1,0
 GO:0042593,1,0
GO:0016324,10,2
 GO:0060047,2,0
 GO:0042590,1,0
 GO:0060041,2,0
 GO:0046677,1,0
 GO:0033591,4,1
 GO:0033814,1,0
 GO:0034663,5,0
 GO:0003223,1,1
 GO:0034666,1,0
 GO:0034667,1,0
 GO:0030548,1,0
 GO:0031092,2,0
 GO:0030544,2,0
 GO:0031098,1,0
 GO:0032211,1,0
 GO:0046879,1,0
 GO:0010181,1,0
 GO:0048291,1,0
 GO:0046872,26,2
 GO:0046875,1,0
 GO:0042824,1,0
 GO:0090090,1,0
 GO:0035105,1,0
 GO:0030141,4,0
 GO:0030140,1,0
 GO:0030145,2,0
 GO:0045471,11,1
 GO:0046785,1,0
 GO:0070925,1,0
 GO:0010269,2,0
 GO:0001533,2,1
 GO:0070585,1,0
 GO:0010458,1,0
 GO:0015485,4,0
 GO:0009925,1,0
GO:0022625,2,0
 GO:0045651,1,0
 GO:0071526,2,0
 GO:0045120,2,0
 GO:0010324,1,0
 GO:0070034,1,0
 GO:0045499,1,0
 GO:0060716,1,0
 GO:0099601,1,0
 GO:0060828,1,0
 GO:0046464,1,0
 GO:0009314,1,0
 GO:0000266,1,0
 GO:0044387,1,0
 GO:0010826,1,0
 GO:0004017,1,1
 GO:0031307,1,0
 GO:0060135,1,0
 GO:0060325,3,0
 GO:0043542,1,0
 GO:0051186,1,0
 GO:0051180,1,0
 GO:0051181,1,0
 GO:0031434,1,0
 GO:0051183,1,0
 GO:0009609,1,0
 GO:0016045,1,0
 GO:0016042,4,0
 GO:0051219,5,0
 GO:0070459,1,0
 GO:0006974,3,0
 GO:0006999,1,0
 GO:0071456,3,0
 GO:0071985,1,0
 GO:0045725,1,0
 GO:0016684,1,1
 GO:0001843,3,0
 GO:0045723,1,0
 GO:1990254,2,0
 GO:0051054,1,0
 GO:0008135,1,0
 GO:0014823,5,1
 GO:0051059,4,1
 GO:0000462,1,0
 GO:0009408,4,0
 GO:0009409,4,0
 GO:0031232,3,0
 GO:0043434,6,0
 GO:0043433,1,0
 GO:0009629,1,0
 GO:0097602,1,0
 GO:0010310,1,0
 GO:0000715,1,0
 GO:0071674,2,0
 GO:0016460,3,0
 GO:0071677,1,0
 GO:0007599,1,0
 GO:0007595,1,0
 GO:0007596,5,0
 GO:0007597,1,0
 GO:0003014,1,0
 GO:0008045,1,0
 GO:0043388,2,0
 GO:0051450,1,0
 GO:0007067,6,0
 GO:0006221,1,0
 GO:0040008,1,0
 GO:0006888,2,0
 GO:0006885,2,0
 GO:0006884,1,0
 GO:0006887,2,0
 GO:0006886,13,0
 GO:0006883,1,0
 GO:0042288,2,0
 GO:0043366,1,0
 GO:0016264,1,0
 GO:0033148,1,0
 GO:0071276,1,0
 GO:0071277,2,0
 GO:0008266,2,0
 GO:0007283,7,0
 GO:0003810,1,0
 GO:0002507,1,0
 GO:0002502,1,0
 GO:0048854,1,0
 GO:0042632,3,0
 GO:0005622,19,0
 GO:0005623,1,0
 GO:0002693,1,0
 GO:1904707,1,0
 GO:1990416,1,0
 GO:0003746,2,0
 GO:0097460,1,0
 GO:0003743,5,0
 GO:0032849,1,0
 GO:0016311,2,0
 GO:0097191,2,1
 GO:0097190,1,0
 GO:0007009,2,0
 GO:0002162,2,0
 GO:0002438,1,0
 GO:0019835,2,0
 GO:0072372,2,0
 GO:0072377,1,0
 GO:0072378,4,1
 GO:0007566,5,1
 GO:0005198,20,2
GO:0016323,2,1
 GO:0005750,2,1
 GO:0098869,7,1
 GO:0005753,4,0
 GO:0005758,2,1
 GO:0005759,9,0
 GO:0006402,1,0
 GO:0006407,1,0
 GO:0006406,2,0
 GO:0042168,1,0
 GO:0009887,1,0
GO:0005589,1,1
 GO:0042162,1,0
 GO:0017137,1,0
 GO:0042167,1,0
 GO:0017134,1,0
 GO:0019900,5,0
 GO:0019901,16,0
 GO:0019902,1,0
 GO:0019903,5,0
 GO:0019904,16,1
 GO:0019905,1,0
 GO:0004802,1,0
 GO:0042612,1,0
 GO:0004807,1,0
 GO:0004806,1,0
 GO:0042345,1,0
 GO:0045198,1,0
 GO:0050482,1,0
GO:0002080,1,0
 GO:0002230,4,0
 GO:0005577,5,1
 GO:0002236,1,0
 GO:0002237,1,0
 GO:0045860,1,0
 GO:0045861,2,0
 GO:0005578,22,1
 GO:0048675,2,0
 GO:0050808,2,0
 GO:0048677,1,0
GO:0005615,2,0
 GO:0006997,4,0
 GO:0050806,1,0
 GO:0006713,1,0
 GO:1990635,1,0
 GO:0042769,2,0
 GO:1903392,1,0
 GO:0090176,1,0
 GO:0043547,6,0
 GO:0045261,3,0
 GO:0050660,4,0
 GO:0050661,2,1
 GO:0050665,2,0
 GO:0072201,1,0
 GO:0097433,1,0
 GO:0048511,2,0
 GO:0048514,1,0
 GO:0031091,4,0
 GO:0010952,3,1
 GO:0005178,12,1
 GO:0035259,2,0
 GO:0034097,2,0
 GO:1902732,1,0
 GO:0060052,1,0
 GO:0010954,1,0
 GO:0030371,1,0
 GO:0035257,1,0
 GO:0030374,2,0
 GO:0060055,1,0
 GO:0042581,3,0
 GO:0046604,1,0
 GO:1990737,1,0
 GO:0042588,1,0
 GO:0061051,1,0
 GO:0061050,1,0
 GO:0006556,1,0
 GO:0035869,1,0
 GO:0048678,3,0
 GO:1990124,1,0
 GO:1900182,1,0
 GO:0048773,1,0
 GO:0010193,2,1
 GO:0043544,1,0
 GO:0042834,1,0
 GO:0016363,14,1
 GO:0000132,1,0
 GO:0032467,1,0
 GO:0071360,1,0
 GO:0030159,1,0
 GO:1902600,1,0
 GO:0030154,7,0
 GO:0071361,1,0
 GO:0007186,2,0
 GO:0001501,3,0
 GO:0001956,1,0
 GO:0001503,3,0
 GO:0000815,2,0
 GO:0070934,1,0
 GO:0070935,2,0
 GO:0043027,4,0
 GO:0070932,1,0
 GO:0000904,3,1
 GO:0001955,1,0
 GO:0000902,3,0
 GO:0000900,1,0
 GO:0010447,1,0
 GO:0010332,2,0
 GO:0070848,2,0
GO:0042995,1,0
 GO:1903078,1,0
 GO:0071560,3,0
 GO:0004029,1,0
 GO:2000510,1,0
 GO:0035329,1,0
 GO:1900747,1,1
 GO:0016071,1,0
 GO:1903076,2,0
 GO:0035904,1,0
 GO:0032437,2,0
 GO:0043558,1,0
 GO:0033572,2,0
 GO:2000676,1,0
 GO:0015075,1,0
 GO:2000675,1,0
 GO:0071461,2,0
 GO:0001878,1,0
 GO:0033555,1,0
 GO:0045738,1,0
 GO:0045739,4,0
 GO:0015078,1,0
 GO:0035925,1,0
 GO:0032024,1,0
 GO:0032026,2,0
 GO:0002862,3,0
 GO:0043950,1,0
 GO:0007611,1,0
 GO:0004656,1,0
 GO:0048245,1,0
 GO:0043425,1,0
 GO:0048246,1,0
 GO:0090662,1,0
 GO:0048240,2,0
 GO:0036002,1,0
 GO:0007435,1,0
 GO:0009615,4,0
 GO:0000701,1,0
 GO:0009617,1,0
 GO:0051081,1,0
 GO:0030971,2,0
 GO:0009612,4,1
 GO:0071889,1,0
 GO:0031430,1,0
 GO:0015670,2,0
GO:0010494,1,0
 GO:0051290,1,0
 GO:0008206,1,0
 GO:0070208,3,0
 GO:0032154,7,0
 GO:0016788,1,0
 GO:0007051,1,0
 GO:0003007,2,0
 GO:0043394,2,0
 GO:0043395,2,0
 GO:0007059,1,0
 GO:0036310,1,0
 GO:0003009,2,0
 GO:0006892,1,0
 GO:0051881,4,0
 GO:0006897,3,0
 GO:0051882,1,0
 GO:0008670,1,0
 GO:0006898,6,0
 GO:0097057,1,0
 GO:0019430,6,0
 GO:0016525,5,1
 GO:0031267,1,0
 GO:0031594,2,0
 GO:0008582,1,0
 GO:0032993,1,0
 GO:0071241,1,0
 GO:0008584,1,0
 GO:0008277,2,0
 GO:0008270,19,0
 GO:0043086,1,0
 GO:0043087,4,0
 GO:0043085,2,0
 GO:0005610,2,0
 GO:0005615,90,3
 GO:0005614,2,0
 GO:0031340,1,0
 GO:0003756,5,0
 GO:0003755,6,0
 GO:0033018,1,0
 GO:0016328,3,0
 GO:0032839,2,0
 GO:0032781,1,0
 GO:0032836,1,0
 GO:0016327,2,0
 GO:0097449,1,0
 GO:0016323,7,0
 GO:0032786,1,0
 GO:0031489,2,0
 GO:0008474,1,0
 GO:0086073,2,1
 GO:0072697,1,0
 GO:0000723,1,0
 GO:0005765,8,0
 GO:0005764,13,1
 GO:0030955,2,0
 GO:0007182,1,0
 GO:0006417,4,0
 GO:0006414,2,0
 GO:0005769,8,0
 GO:0006413,1,0
 GO:0034465,1,0
 GO:1990247,2,0
 GO:0030819,1,0
GO:0005813,8,0
 GO:0030951,1,0
 GO:0017124,5,0
GO:0005814,1,0
 GO:0017127,2,0
 GO:0006098,1,0
 GO:0006099,4,1
 GO:0032947,1,0
 GO:0030277,1,0
 GO:0032496,9,1
 GO:0006096,2,0
 GO:0002534,1,0
 GO:0006094,1,0
 GO:0002536,1,0
 GO:0005548,1,0
 GO:0005819,2,0
 GO:0004362,1,0
 GO:0004815,1,0
 GO:0042623,1,0
 GO:0005813,7,0
 GO:0005540,1,0
 GO:0005543,5,0
 GO:0042587,1,0
 GO:0042629,1,0
 GO:0005544,6,1
 GO:0005815,5,0
 GO:0002244,1,0
 GO:0008089,2,0
 GO:2001244,3,0
 GO:0019207,1,0
 GO:2001240,2,0
 GO:2001241,2,0
 GO:0048646,1,0
GO:0005605,7,0
 GO:0006701,1,0
 GO:0009987,2,0
 GO:0009986,23,1
 GO:0050873,2,0
 GO:0050870,1,0
 GO:0042752,4,0
 GO:0042755,1,0
 GO:0042754,1,0
GO:0043292,2,0
 GO:0019800,2,1
GO:0043296,1,0
 GO:0045254,1,0
 GO:0042249,1,0
 GO:0045252,2,0
 GO:1903259,1,0
 GO:0045259,1,0
 GO:0042246,1,0
 GO:0030099,1,0
 GO:0030097,2,0
 GO:1902721,1,0
GO:0030054,4,0
 GO:0045921,4,0
 GO:0045920,2,0
 GO:0061684,1,0
 GO:0030308,1,0
 GO:0030307,4,0
GO:0005776,1,0
 GO:0030301,2,0
 GO:0060020,1,0
 GO:0050901,1,0
 GO:0061041,1,0
 GO:0034644,2,0
GO:0031901,1,0
 GO:0032231,2,0
 GO:0009898,4,0
 GO:0050729,3,0
 GO:0050728,2,0
 GO:0030521,3,0
 GO:0007184,1,0
 GO:0050727,2,0
 GO:0032079,1,0
 GO:0030529,16,0
 GO:0004148,1,0
 GO:0004149,1,0
 GO:0048471,27,2
 GO:1904178,1,0
 GO:0042803,24,1
 GO:0042802,33,2
 GO:1902618,1,0
 GO:0031143,3,0
 GO:0031146,1,0
 GO:0004386,2,0
 GO:0010837,2,0
 GO:0060332,1,0
 GO:0090277,3,0
 GO:0060335,1,0
 GO:0001047,3,0
 GO:0060487,1,0
 GO:0060338,2,0
 GO:0032071,1,0
 GO:0045109,5,1
 GO:0005856,16,2
 GO:0045104,2,1
 GO:1901673,2,0
 GO:0070053,1,0
 GO:0042461,1,0
 GO:0045103,1,0
 GO:0051017,3,0
 GO:0046847,1,0
 GO:0000245,1,0
 GO:0005583,1,0
 GO:0031328,1,0
GO:0031672,1,0
 GO:0035357,1,0
 GO:0034198,2,0
 GO:0010942,1,0
 GO:0010941,1,0
 GO:0043274,1,0
 GO:1903923,1,0
 GO:0071479,2,0
 GO:0031424,2,0
 GO:0043560,1,0
 GO:0044344,2,0
 GO:1904591,1,0
 GO:0045744,1,0
 GO:0016667,1,0
 GO:0035914,1,0
 GO:0007605,9,0
 GO:0045098,1,0
 GO:0007601,4,0
 GO:0007602,1,0
 GO:0043410,2,0
 GO:0031210,1,0
 GO:0048251,2,0
 GO:0035437,1,0
 GO:0038095,1,0
 GO:0005055,1,0
 GO:0045095,6,1
 GO:0051092,7,1
 GO:0030155,5,0
 GO:0007420,5,0
 GO:0051726,4,0
 GO:0002363,1,0
 GO:0016401,1,0
 GO:0061098,1,0
 GO:0071896,1,1
 GO:0043195,3,0
 GO:0090240,1,0
 GO:0035035,1,0
 GO:0070273,1,0
 GO:0016791,2,0
 GO:0022625,6,0
 GO:0001530,3,0
 GO:0000028,2,0
 GO:0007044,2,0
 GO:0007042,1,0
 GO:0007040,2,0
 GO:0016887,5,0
 GO:0009041,1,0
 GO:0007049,1,0
 GO:0097060,1,0
 GO:0097062,1,0
 GO:0097067,2,0
 GO:0097066,1,0
 GO:0042384,4,0
 GO:1904764,1,0
 GO:1903033,1,0
 GO:0003796,2,0
 GO:0033160,1,0
 GO:0042383,13,1
 GO:1904751,1,0
 GO:0070937,1,0
 GO:0042110,1,0
 GO:0070301,3,0
 GO:0070307,1,0
 GO:0003924,18,0
 GO:0030898,3,0
 GO:0006953,5,0
 GO:0032715,1,0
 GO:0006957,2,0
 GO:0006956,1,0
 GO:0006954,2,0
 GO:0033197,1,1
 GO:0006958,1,0
 GO:0016508,1,0
 GO:0005604,9,0
 GO:0005605,1,0
 GO:0048872,1,0
 GO:0005975,2,0
 GO:0048870,1,0
 GO:0005977,1,0
 GO:0005979,1,0
 GO:0005608,1,0
 GO:0003727,2,0
 GO:0003725,6,0
 GO:0007411,7,0
 GO:0003723,15,0
 GO:0046033,1,1
 GO:0004830,1,0
 GO:0003729,10,0
 GO:0006396,2,0
 GO:0016331,1,0
 GO:0016337,6,1
 GO:0032796,1,0
 GO:0032797,1,0
 GO:0016338,1,0
 GO:0032827,1,0
 GO:0008483,1,0
 GO:0007093,1,0
 GO:0002740,1,0
 GO:0051896,1,0
 GO:0051897,2,0
 GO:0051894,1,0
 GO:0072686,2,0
 GO:0005779,1,0
 GO:0005770,4,0
 GO:0005777,10,2
 GO:0003433,1,0
 GO:0016049,1,0
 GO:0006172,1,1
 GO:0072750,1,0
GO:0005801,1,0
 GO:0042100,1,0
 GO:0042101,1,0
 GO:0042102,1,0
 GO:0021540,1,0
 GO:0032956,1,0
 GO:0002526,1,0
 GO:0032959,1,0
 GO:0032489,1,0
 GO:0032077,1,0
 GO:0002523,2,0
 GO:0002521,1,0
 GO:0042325,1,0
GO:0017101,1,0
 GO:0042327,1,0
 GO:0005802,6,0
GO:0030424,6,0
 GO:2001272,1,0
 GO:0002250,6,0
 GO:0004550,3,1
 GO:0045806,1,0
 GO:0045807,2,0
 GO:0033209,2,1
 GO:0050860,2,0
 GO:0046597,1,0
 GO:0021766,3,0
 GO:0042744,8,1
 GO:0042742,4,0
 GO:0042743,1,0
 GO:0072357,2,0
 GO:0046599,1,0
 GO:0046598,2,0
 GO:0044853,1,0
 GO:0014012,1,0
 GO:0004733,1,0
 GO:0042256,1,0
 GO:0042921,1,0
 GO:0005391,1,0
 GO:0050892,1,0
 GO:1902751,1,0
 GO:0046628,1,0
 GO:0005154,1,0
 GO:0030315,2,0
 GO:0005158,1,0
 GO:0046622,1,0
 GO:0006605,3,0
 GO:0050918,1,0
 GO:0042633,1,0
 GO:0033157,1,0
 GO:0051480,1,0
 GO:0050731,3,0
 GO:0018119,2,0
 GO:0046826,1,0
 GO:0046822,1,0
 GO:0048407,5,0
 GO:0004601,3,0
 GO:0004602,2,0
 GO:0071901,1,0
 GO:0030111,1,0
 GO:0008802,1,0
 GO:0030658,1,0
 GO:0090263,2,0
 GO:2001057,1,0
 GO:0010824,3,0
 GO:0010825,1,0
 GO:0001077,1,0
 GO:0001076,1,0
 GO:0010821,1,0
 GO:1903753,1,0
 GO:0010042,1,0
 GO:0010043,4,0
 GO:0010040,1,0
 GO:0010828,1,0
 GO:0001702,1,0
 GO:0045110,1,0
 GO:0000387,1,0
 GO:0000380,3,0
 GO:0000381,2,0
 GO:0010314,1,0
 GO:2001234,1,0
 GO:0030621,1,0
 GO:0001708,1,0
 GO:0015276,1,0
 GO:1900041,1,0
 GO:0070688,1,0
 GO:1900042,1,0
 GO:0070682,1,0
 GO:0035770,1,0
 GO:0004046,1,1
 GO:0030120,1,0
 GO:0004043,1,0
GO:0005730,1,0
 GO:1902459,1,0
 GO:0031047,1,0
 GO:0031045,1,0
 GO:0010950,1,0
 GO:0010951,1,0
 GO:0001675,1,0
 GO:0045022,2,0
 GO:0006638,1,0
 GO:0006260,1,0
 GO:0031528,2,0
 GO:0031669,1,0
 GO:0071407,4,0
 GO:0031662,1,0
 GO:0071404,1,0
 GO:0031667,3,0
 GO:0031665,2,0
 GO:0061003,1,0
 GO:0001817,1,0
 GO:0033574,2,0
 GO:0035900,1,0
GO:0001669,3,0
 GO:0032008,1,0
 GO:0032009,1,0
 GO:0030574,3,0
 GO:0006734,1,0
 GO:0001819,1,0
 GO:0018149,4,1
 GO:0006268,2,0
 GO:0048227,1,0
 GO:0043407,1,0
 GO:0043403,1,0
 GO:0031593,1,0
 GO:0032405,1,0
 GO:0071346,1,0
 GO:0043408,1,0
 GO:0043409,1,0
 GO:0036064,2,0
 GO:0030957,1,0
 GO:0031523,1,0
 GO:1990712,2,0
 GO:0000724,1,0
 GO:0033688,1,0
 GO:0043495,1,0
 GO:0000729,1,0
 GO:0071312,1,0
 GO:0001928,1,0
 GO:1900138,1,0
 GO:0016890,1,0
 GO:0001921,1,0
 GO:0071318,1,0
 GO:0014902,1,0
 GO:0008076,1,0
 GO:0098547,1,0
 GO:0031468,1,0
 GO:0071466,1,0
 GO:0050431,1,0
 GO:0071799,1,0
 GO:0001970,1,0
 GO:0031467,1,0
 GO:0071460,1,0
 GO:0050767,1,0
 GO:0007569,4,0
 GO:0007568,14,2
 GO:0043197,7,0
 GO:0007565,1,0
 GO:0036111,1,0
 GO:0036112,1,0
 GO:2000778,1,0
 GO:0019001,1,0
 GO:0019003,12,0
 GO:0019005,1,0
 GO:0007098,1,0
 GO:0033194,1,0
 GO:0044070,2,0
 GO:0016504,3,1
 GO:0007097,2,0
 GO:0033198,1,0
 GO:0044406,1,0
 GO:1903020,1,0
 GO:0071222,6,0
 GO:0035924,2,0
 GO:0090636,1,0
 GO:0071468,1,0
 GO:1902991,1,0
 GO:1902990,1,0
 GO:0001701,6,0
 GO:0007143,1,0
 GO:0042511,1,0
 GO:0007416,1,0
 GO:0003735,13,0
 GO:0003730,6,0
 GO:0032564,2,0
 GO:0006388,1,0
 GO:0097413,1,0
 GO:1990428,1,0
 GO:0032760,1,0
 GO:0070584,2,0
 GO:0016342,2,0
 GO:0032769,1,0
 GO:1902766,1,0
 GO:0030502,1,0
