Quadratic,spearman,0.6,16,8.782224853698631
Quadratic,spearman,0.6,17,9.487459280821918
Quadratic,spearman,0.6,18,10.231222951780822
Quadratic,spearman,0.6,19,11.013515866575341
Quadratic,spearman,0.6,20,11.83433802520548
Quadratic,spearman,0.6,21,12.69368942767123
Quadratic,spearman,0.6,22,13.591570073972603
Quadratic,spearman,0.6,23,14.52797996410959
Quadratic,spearman,0.6,24,15.502919098082192
Quadratic,spearman,0.6,25,16.51638747589041
Quadratic,spearman,0.6,26,17.568385097534247
Quadratic,spearman,0.6,27,18.6589119630137
Quadratic,spearman,0.6,28,19.787968072328766
Quadratic,spearman,0.6,29,20.95555342547945
Quadratic,spearman,0.6,30,22.161668022465754
Quadratic,spearman,0.6,31,23.40631186328767
Quadratic,spearman,0.6,32,24.689484947945207
Quadratic,spearman,0.6,33,26.011187276438356
Quadratic,spearman,0.6,34,27.371418848767124
Quadratic,spearman,0.6,35,28.770179664931504
Quadratic,spearman,0.6,36,30.207469724931503
Quadratic,spearman,0.6,37,31.683289028767124
Quadratic,spearman,0.6,38,33.19763757643835
Quadratic,spearman,0.6,39,34.750515367945205
Quadratic,spearman,0.6,40,36.34192240328767
Quadratic,spearman,0.6,41,37.97185868246575
Quadratic,spearman,0.6,42,39.64032420547945
Quadratic,spearman,0.6,43,41.347318972328765
Quadratic,spearman,0.6,44,43.0928429830137
Quadratic,spearman,0.6,45,44.87689623753425
Quadratic,spearman,0.6,46,46.699478735890416
Quadratic,spearman,0.6,47,48.5605904780822
Quadratic,spearman,0.6,48,50.46023146410959
Quadratic,pearson,0.6,16,8.791832112657534
Quadratic,pearson,0.6,17,9.453525456657534
Quadratic,pearson,0.6,18,10.150603204602739
Quadratic,pearson,0.6,19,10.883065356493152
Quadratic,pearson,0.6,20,11.650911912328768
Quadratic,pearson,0.6,21,12.454142872109589
Quadratic,pearson,0.6,22,13.292758235835617
Quadratic,pearson,0.6,23,14.166758003506848
Quadratic,pearson,0.6,24,15.076142175123286
Quadratic,pearson,0.6,25,16.02091075068493
Quadratic,pearson,0.6,26,17.001063730191778
Quadratic,pearson,0.6,27,18.016601113643834
Quadratic,pearson,0.6,28,19.067522901041094
Quadratic,pearson,0.6,29,20.153829092383564
Quadratic,pearson,0.6,30,21.27551968767123
Quadratic,pearson,0.6,31,22.43259468690411
Quadratic,pearson,0.6,32,23.62505409008219
Quadratic,pearson,0.6,33,24.85289789720548
Quadratic,pearson,0.6,34,26.11612610827397
Quadratic,pearson,0.6,35,27.41473872328767
Quadratic,pearson,0.6,36,28.748735742246577
Quadratic,pearson,0.6,37,30.118117165150682
Quadratic,pearson,0.6,38,31.522882992000003
Quadratic,pearson,0.6,39,32.96303322279452
Quadratic,pearson,0.6,40,34.438567857534245
Quadratic,pearson,0.6,41,35.94948689621918
Quadratic,pearson,0.6,42,37.49579033884932
Quadratic,pearson,0.6,43,39.07747818542465
Quadratic,pearson,0.6,44,40.6945504359452
Quadratic,pearson,0.6,45,42.347007090410955
Quadratic,pearson,0.6,46,44.034848148821915
Quadratic,pearson,0.6,47,45.75807361117808
Quadratic,pearson,0.6,48,47.51668347747945
Quadratic,spearman,0.7,16,7.342465753424658
Quadratic,spearman,0.7,17,7.863013698630137
Quadratic,spearman,0.7,18,8.41095890410959
Quadratic,spearman,0.7,19,8.986301369863014
Quadratic,spearman,0.7,20,9.58904109589041
Quadratic,spearman,0.7,21,10.219178082191782
Quadratic,spearman,0.7,22,10.876712328767123
Quadratic,spearman,0.7,23,11.561643835616438
Quadratic,spearman,0.7,24,12.273972602739725
Quadratic,spearman,0.7,25,13.013698630136986
Quadratic,spearman,0.7,26,13.780821917808218
Quadratic,spearman,0.7,27,14.575342465753424
Quadratic,spearman,0.7,28,15.397260273972602
Quadratic,spearman,0.7,29,16.246575342465754
Quadratic,spearman,0.7,30,17.123287671232877
Quadratic,spearman,0.7,31,18.027397260273972
Quadratic,spearman,0.7,32,18.958904109589042
Quadratic,spearman,0.7,33,19.91780821917808
Quadratic,spearman,0.7,34,20.904109589041095
Quadratic,spearman,0.7,35,21.91780821917808
Quadratic,spearman,0.7,36,22.958904109589042
Quadratic,spearman,0.7,37,24.027397260273972
Quadratic,spearman,0.7,38,25.123287671232877
Quadratic,spearman,0.7,39,26.246575342465754
Quadratic,spearman,0.7,40,27.397260273972602
Quadratic,spearman,0.7,41,28.575342465753426
Quadratic,spearman,0.7,42,29.78082191780822
Quadratic,spearman,0.7,43,31.013698630136986
Quadratic,spearman,0.7,44,32.273972602739725
Quadratic,spearman,0.7,45,33.56164383561644
Quadratic,spearman,0.7,46,34.87671232876713
Quadratic,spearman,0.7,47,36.21917808219178
Quadratic,spearman,0.7,48,37.58904109589041
Quadratic,pearson,0.7,16,7.342465753424658
Quadratic,pearson,0.7,17,7.863013698630137
Quadratic,pearson,0.7,18,8.41095890410959
Quadratic,pearson,0.7,19,8.986301369863014
Quadratic,pearson,0.7,20,9.58904109589041
Quadratic,pearson,0.7,21,10.219178082191782
Quadratic,pearson,0.7,22,10.876712328767123
Quadratic,pearson,0.7,23,11.561643835616438
Quadratic,pearson,0.7,24,12.273972602739725
Quadratic,pearson,0.7,25,13.013698630136986
Quadratic,pearson,0.7,26,13.780821917808218
Quadratic,pearson,0.7,27,14.575342465753424
Quadratic,pearson,0.7,28,15.397260273972602
Quadratic,pearson,0.7,29,16.246575342465754
Quadratic,pearson,0.7,30,17.123287671232877
Quadratic,pearson,0.7,31,18.027397260273972
Quadratic,pearson,0.7,32,18.958904109589042
Quadratic,pearson,0.7,33,19.91780821917808
Quadratic,pearson,0.7,34,20.904109589041095
Quadratic,pearson,0.7,35,21.91780821917808
Quadratic,pearson,0.7,36,22.958904109589042
Quadratic,pearson,0.7,37,24.027397260273972
Quadratic,pearson,0.7,38,25.123287671232877
Quadratic,pearson,0.7,39,26.246575342465754
Quadratic,pearson,0.7,40,27.397260273972602
Quadratic,pearson,0.7,41,28.575342465753426
Quadratic,pearson,0.7,42,29.78082191780822
Quadratic,pearson,0.7,43,31.013698630136986
Quadratic,pearson,0.7,44,32.273972602739725
Quadratic,pearson,0.7,45,33.56164383561644
Quadratic,pearson,0.7,46,34.87671232876713
Quadratic,pearson,0.7,47,36.21917808219178
Quadratic,pearson,0.7,48,37.58904109589041
Quadratic,spearman,0.8,16,7.342465753424658
Quadratic,spearman,0.8,17,7.863013698630137
Quadratic,spearman,0.8,18,8.41095890410959
Quadratic,spearman,0.8,19,8.986301369863014
Quadratic,spearman,0.8,20,9.58904109589041
Quadratic,spearman,0.8,21,10.219178082191782
Quadratic,spearman,0.8,22,10.876712328767123
Quadratic,spearman,0.8,23,11.561643835616438
Quadratic,spearman,0.8,24,12.273972602739725
Quadratic,spearman,0.8,25,13.013698630136986
Quadratic,spearman,0.8,26,13.780821917808218
Quadratic,spearman,0.8,27,14.575342465753424
Quadratic,spearman,0.8,28,15.397260273972602
Quadratic,spearman,0.8,29,16.246575342465754
Quadratic,spearman,0.8,30,17.123287671232877
Quadratic,spearman,0.8,31,18.027397260273972
Quadratic,spearman,0.8,32,18.958904109589042
Quadratic,spearman,0.8,33,19.91780821917808
Quadratic,spearman,0.8,34,20.904109589041095
Quadratic,spearman,0.8,35,21.91780821917808
Quadratic,spearman,0.8,36,22.958904109589042
Quadratic,spearman,0.8,37,24.027397260273972
Quadratic,spearman,0.8,38,25.123287671232877
Quadratic,spearman,0.8,39,26.246575342465754
Quadratic,spearman,0.8,40,27.397260273972602
Quadratic,spearman,0.8,41,28.575342465753426
Quadratic,spearman,0.8,42,29.78082191780822
Quadratic,spearman,0.8,43,31.013698630136986
Quadratic,spearman,0.8,44,32.273972602739725
Quadratic,spearman,0.8,45,33.56164383561644
Quadratic,spearman,0.8,46,34.87671232876713
Quadratic,spearman,0.8,47,36.21917808219178
Quadratic,spearman,0.8,48,37.58904109589041
Quadratic,pearson,0.8,16,7.342465753424658
Quadratic,pearson,0.8,17,7.863013698630137
Quadratic,pearson,0.8,18,8.41095890410959
Quadratic,pearson,0.8,19,8.986301369863014
Quadratic,pearson,0.8,20,9.58904109589041
Quadratic,pearson,0.8,21,10.219178082191782
Quadratic,pearson,0.8,22,10.876712328767123
Quadratic,pearson,0.8,23,11.561643835616438
Quadratic,pearson,0.8,24,12.273972602739725
Quadratic,pearson,0.8,25,13.013698630136986
Quadratic,pearson,0.8,26,13.780821917808218
Quadratic,pearson,0.8,27,14.575342465753424
Quadratic,pearson,0.8,28,15.397260273972602
Quadratic,pearson,0.8,29,16.246575342465754
Quadratic,pearson,0.8,30,17.123287671232877
Quadratic,pearson,0.8,31,18.027397260273972
Quadratic,pearson,0.8,32,18.958904109589042
Quadratic,pearson,0.8,33,19.91780821917808
Quadratic,pearson,0.8,34,20.904109589041095
Quadratic,pearson,0.8,35,21.91780821917808
Quadratic,pearson,0.8,36,22.958904109589042
Quadratic,pearson,0.8,37,24.027397260273972
Quadratic,pearson,0.8,38,25.123287671232877
Quadratic,pearson,0.8,39,26.246575342465754
Quadratic,pearson,0.8,40,27.397260273972602
Quadratic,pearson,0.8,41,28.575342465753426
Quadratic,pearson,0.8,42,29.78082191780822
Quadratic,pearson,0.8,43,31.013698630136986
Quadratic,pearson,0.8,44,32.273972602739725
Quadratic,pearson,0.8,45,33.56164383561644
Quadratic,pearson,0.8,46,34.87671232876713
Quadratic,pearson,0.8,47,36.21917808219178
Quadratic,pearson,0.8,48,37.58904109589041
Linear,spearman,0.6,16,7.946570189808219
Linear,spearman,0.6,17,8.031304789479451
Linear,spearman,0.6,18,8.116039389150686
Linear,spearman,0.6,19,8.200773988821918
Linear,spearman,0.6,20,8.28550858849315
Linear,spearman,0.6,21,8.370243188164384
Linear,spearman,0.6,22,8.454977787835617
Linear,spearman,0.6,23,8.53971238750685
Linear,spearman,0.6,24,8.624446987178082
Linear,spearman,0.6,25,8.709181586849315
Linear,spearman,0.6,26,8.793916186520548
Linear,spearman,0.6,27,8.87865078619178
Linear,spearman,0.6,28,8.963385385863013
Linear,spearman,0.6,29,9.048119985534248
Linear,spearman,0.6,30,9.132854585205479
Linear,spearman,0.6,31,9.217589184876712
Linear,spearman,0.6,32,9.302323784547946
Linear,spearman,0.6,33,9.387058384219177
Linear,spearman,0.6,34,9.47179298389041
Linear,spearman,0.6,35,9.556527583561644
Linear,spearman,0.6,36,9.641262183232877
Linear,spearman,0.6,37,9.72599678290411
Linear,spearman,0.6,38,9.810731382575343
Linear,spearman,0.6,39,9.895465982246575
Linear,spearman,0.6,40,9.980200581917808
Linear,spearman,0.6,41,10.06493518158904
Linear,spearman,0.6,42,10.149669781260274
Linear,spearman,0.6,43,10.234404380931508
Linear,spearman,0.6,44,10.31913898060274
Linear,spearman,0.6,45,10.403873580273972
Linear,spearman,0.6,46,10.488608179945206
Linear,spearman,0.6,47,10.573342779616437
Linear,spearman,0.6,48,10.65807737928767
Linear,pearson,0.6,16,7.997831873589042
Linear,pearson,0.6,17,8.080446930876713
Linear,pearson,0.6,18,8.163061988164383
Linear,pearson,0.6,19,8.245677045452055
Linear,pearson,0.6,20,8.328292102739725
Linear,pearson,0.6,21,8.410907160027397
Linear,pearson,0.6,22,8.49352221731507
Linear,pearson,0.6,23,8.57613727460274
Linear,pearson,0.6,24,8.658752331890412
Linear,pearson,0.6,25,8.741367389178082
Linear,pearson,0.6,26,8.823982446465752
Linear,pearson,0.6,27,8.906597503753424
Linear,pearson,0.6,28,8.989212561041096
Linear,pearson,0.6,29,9.071827618328768
Linear,pearson,0.6,30,9.154442675616439
Linear,pearson,0.6,31,9.23705773290411
Linear,pearson,0.6,32,9.319672790191781
Linear,pearson,0.6,33,9.402287847479451
Linear,pearson,0.6,34,9.484902904767123
Linear,pearson,0.6,35,9.567517962054795
Linear,pearson,0.6,36,9.650133019342466
Linear,pearson,0.6,37,9.732748076630138
Linear,pearson,0.6,38,9.815363133917808
Linear,pearson,0.6,39,9.89797819120548
Linear,pearson,0.6,40,9.98059324849315
Linear,pearson,0.6,41,10.063208305780822
Linear,pearson,0.6,42,10.145823363068493
Linear,pearson,0.6,43,10.228438420356165
Linear,pearson,0.6,44,10.311053477643835
Linear,pearson,0.6,45,10.393668534931507
Linear,pearson,0.6,46,10.476283592219179
Linear,pearson,0.6,47,10.55889864950685
Linear,pearson,0.6,48,10.641513706794521
Linear,spearman,0.7,16,8.148454343780822
Linear,spearman,0.7,17,8.211435699616437
Linear,spearman,0.7,18,8.274417055452055
Linear,spearman,0.7,19,8.337398411287671
Linear,spearman,0.7,20,8.400379767123287
Linear,spearman,0.7,21,8.463361122958904
Linear,spearman,0.7,22,8.52634247879452
Linear,spearman,0.7,23,8.589323834630138
Linear,spearman,0.7,24,8.652305190465754
Linear,spearman,0.7,25,8.715286546301371
Linear,spearman,0.7,26,8.778267902136987
Linear,spearman,0.7,27,8.841249257972603
Linear,spearman,0.7,28,8.90423061380822
Linear,spearman,0.7,29,8.967211969643836
Linear,spearman,0.7,30,9.030193325479452
Linear,spearman,0.7,31,9.093174681315068
Linear,spearman,0.7,32,9.156156037150685
Linear,spearman,0.7,33,9.219137392986301
Linear,spearman,0.7,34,9.282118748821917
Linear,spearman,0.7,35,9.345100104657535
Linear,spearman,0.7,36,9.40808146049315
Linear,spearman,0.7,37,9.471062816328766
Linear,spearman,0.7,38,9.534044172164384
Linear,spearman,0.7,39,9.597025528000001
Linear,spearman,0.7,40,9.660006883835617
Linear,spearman,0.7,41,9.722988239671233
Linear,spearman,0.7,42,9.78596959550685
Linear,spearman,0.7,43,9.848950951342466
Linear,spearman,0.7,44,9.911932307178082
Linear,spearman,0.7,45,9.974913663013698
Linear,spearman,0.7,46,10.037895018849316
Linear,spearman,0.7,47,10.100876374684931
Linear,spearman,0.7,48,10.163857730520547
Linear,pearson,0.7,16,7.881258945150685
Linear,pearson,0.7,17,7.948169463726027
Linear,pearson,0.7,18,8.015079982301371
Linear,pearson,0.7,19,8.081990500876714
Linear,pearson,0.7,20,8.148901019452056
Linear,pearson,0.7,21,8.215811538027397
Linear,pearson,0.7,22,8.28272205660274
Linear,pearson,0.7,23,8.349632575178083
Linear,pearson,0.7,24,8.416543093753425
Linear,pearson,0.7,25,8.483453612328768
Linear,pearson,0.7,26,8.55036413090411
Linear,pearson,0.7,27,8.617274649479452
Linear,pearson,0.7,28,8.684185168054794
Linear,pearson,0.7,29,8.751095686630139
Linear,pearson,0.7,30,8.81800620520548
Linear,pearson,0.7,31,8.884916723780822
Linear,pearson,0.7,32,8.951827242356165
Linear,pearson,0.7,33,9.018737760931508
Linear,pearson,0.7,34,9.08564827950685
Linear,pearson,0.7,35,9.152558798082193
Linear,pearson,0.7,36,9.219469316657534
Linear,pearson,0.7,37,9.286379835232877
Linear,pearson,0.7,38,9.35329035380822
Linear,pearson,0.7,39,9.420200872383562
Linear,pearson,0.7,40,9.487111390958905
Linear,pearson,0.7,41,9.554021909534246
Linear,pearson,0.7,42,9.62093242810959
Linear,pearson,0.7,43,9.687842946684931
Linear,pearson,0.7,44,9.754753465260276
Linear,pearson,0.7,45,9.821663983835617
Linear,pearson,0.7,46,9.88857450241096
Linear,pearson,0.7,47,9.955485020986302
Linear,pearson,0.7,48,10.022395539561645
Linear,spearman,0.8,16,8.219918122520546
Linear,spearman,0.8,17,8.28689485928767
Linear,spearman,0.8,18,8.353871596054793
Linear,spearman,0.8,19,8.420848332821917
Linear,spearman,0.8,20,8.487825069589041
Linear,spearman,0.8,21,8.554801806356165
Linear,spearman,0.8,22,8.621778543123288
Linear,spearman,0.8,23,8.68875527989041
Linear,spearman,0.8,24,8.755732016657534
Linear,spearman,0.8,25,8.822708753424656
Linear,spearman,0.8,26,8.889685490191779
Linear,spearman,0.8,27,8.956662226958903
Linear,spearman,0.8,28,9.023638963726027
Linear,spearman,0.8,29,9.090615700493151
Linear,spearman,0.8,30,9.157592437260273
Linear,spearman,0.8,31,9.224569174027398
Linear,spearman,0.8,32,9.29154591079452
Linear,spearman,0.8,33,9.358522647561642
Linear,spearman,0.8,34,9.425499384328766
Linear,spearman,0.8,35,9.492476121095889
Linear,spearman,0.8,36,9.559452857863013
Linear,spearman,0.8,37,9.626429594630137
Linear,spearman,0.8,38,9.693406331397261
Linear,spearman,0.8,39,9.760383068164384
Linear,spearman,0.8,40,9.827359804931506
Linear,spearman,0.8,41,9.89433654169863
Linear,spearman,0.8,42,9.961313278465752
Linear,spearman,0.8,43,10.028290015232876
Linear,spearman,0.8,44,10.095266751999999
Linear,spearman,0.8,45,10.162243488767123
Linear,spearman,0.8,46,10.229220225534245
Linear,spearman,0.8,47,10.29619696230137
Linear,spearman,0.8,48,10.363173699068494
Linear,pearson,0.8,16,8.222345436
Linear,pearson,0.8,17,8.289213305698631
Linear,pearson,0.8,18,8.35608117539726
Linear,pearson,0.8,19,8.42294904509589
Linear,pearson,0.8,20,8.489816914794522
Linear,pearson,0.8,21,8.55668478449315
Linear,pearson,0.8,22,8.623552654191782
Linear,pearson,0.8,23,8.690420523890412
Linear,pearson,0.8,24,8.757288393589041
Linear,pearson,0.8,25,8.824156263287671
Linear,pearson,0.8,26,8.891024132986303
Linear,pearson,0.8,27,8.957892002684932
Linear,pearson,0.8,28,9.024759872383562
Linear,pearson,0.8,29,9.091627742082192
Linear,pearson,0.8,30,9.158495611780822
Linear,pearson,0.8,31,9.225363481479453
Linear,pearson,0.8,32,9.292231351178081
Linear,pearson,0.8,33,9.359099220876713
Linear,pearson,0.8,34,9.425967090575343
Linear,pearson,0.8,35,9.492834960273973
Linear,pearson,0.8,36,9.559702829972604
Linear,pearson,0.8,37,9.626570699671234
Linear,pearson,0.8,38,9.693438569369864
Linear,pearson,0.8,39,9.760306439068493
Linear,pearson,0.8,40,9.827174308767123
Linear,pearson,0.8,41,9.894042178465753
Linear,pearson,0.8,42,9.960910048164385
Linear,pearson,0.8,43,10.027777917863014
Linear,pearson,0.8,44,10.094645787561644
Linear,pearson,0.8,45,10.161513657260274
Linear,pearson,0.8,46,10.228381526958904
Linear,pearson,0.8,47,10.295249396657535
Linear,pearson,0.8,48,10.362117266356165
Sqrt,spearman,0.6,16,5.767123287671233
Sqrt,spearman,0.6,17,5.775976774445105
Sqrt,spearman,0.6,18,5.784573474073648
Sqrt,spearman,0.6,19,5.792934513062856
Sqrt,spearman,0.6,20,5.801078270736271
Sqrt,spearman,0.6,21,5.8090208547742215
Sqrt,spearman,0.6,22,5.816776475877712
Sqrt,spearman,0.6,23,5.824357746539614
Sqrt,spearman,0.6,24,5.83177592190717
Sqrt,spearman,0.6,25,5.839041095890411
Sqrt,spearman,0.6,26,5.846162362278934
Sqrt,spearman,0.6,27,5.853147948208354
Sqrt,spearman,0.6,28,5.860005325564085
Sqrt,spearman,0.6,29,5.866741304622687
Sqrt,spearman,0.6,30,5.873362113274263
Sqrt,spearman,0.6,31,5.879873464450104
Sqrt,spearman,0.6,32,5.886280613833356
Sqrt,spearman,0.6,33,5.892588409511296
Sqrt,spearman,0.6,34,5.898801334903259
Sqrt,spearman,0.6,35,5.904923546044836
Sqrt,spearman,0.6,36,5.910958904109589
Sqrt,spearman,0.6,37,5.91691100389131
Sqrt,spearman,0.6,38,5.922783198843659
Sqrt,spearman,0.6,39,5.928578623172487
Sqrt,spearman,0.6,40,5.934300211394082
Sqrt,spearman,0.6,41,5.939950715705788
Sqrt,spearman,0.6,42,5.945532721460839
Sqrt,spearman,0.6,43,5.951048660994322
Sqrt,spearman,0.6,44,5.956500826010024
Sqrt,spearman,0.6,45,5.961891378707147
Sqrt,spearman,0.6,46,5.967222361800105
Sqrt,spearman,0.6,47,5.9724957075630885
Sqrt,spearman,0.6,48,5.977713246012964
Sqrt,pearson,0.6,16,5.767123287671233
Sqrt,pearson,0.6,17,5.775976774445105
Sqrt,pearson,0.6,18,5.784573474073648
Sqrt,pearson,0.6,19,5.792934513062856
Sqrt,pearson,0.6,20,5.801078270736271
Sqrt,pearson,0.6,21,5.8090208547742215
Sqrt,pearson,0.6,22,5.816776475877712
Sqrt,pearson,0.6,23,5.824357746539614
Sqrt,pearson,0.6,24,5.83177592190717
Sqrt,pearson,0.6,25,5.839041095890411
Sqrt,pearson,0.6,26,5.846162362278934
Sqrt,pearson,0.6,27,5.853147948208354
Sqrt,pearson,0.6,28,5.860005325564085
Sqrt,pearson,0.6,29,5.866741304622687
Sqrt,pearson,0.6,30,5.873362113274263
Sqrt,pearson,0.6,31,5.879873464450104
Sqrt,pearson,0.6,32,5.886280613833356
Sqrt,pearson,0.6,33,5.892588409511296
Sqrt,pearson,0.6,34,5.898801334903259
Sqrt,pearson,0.6,35,5.904923546044836
Sqrt,pearson,0.6,36,5.910958904109589
Sqrt,pearson,0.6,37,5.91691100389131
Sqrt,pearson,0.6,38,5.922783198843659
Sqrt,pearson,0.6,39,5.928578623172487
Sqrt,pearson,0.6,40,5.934300211394082
Sqrt,pearson,0.6,41,5.939950715705788
Sqrt,pearson,0.6,42,5.945532721460839
Sqrt,pearson,0.6,43,5.951048660994322
Sqrt,pearson,0.6,44,5.956500826010024
Sqrt,pearson,0.6,45,5.961891378707147
Sqrt,pearson,0.6,46,5.967222361800105
Sqrt,pearson,0.6,47,5.9724957075630885
Sqrt,pearson,0.6,48,5.977713246012964
Sqrt,spearman,0.7,16,6.494908820493151
Sqrt,spearman,0.7,17,6.506273350106952
Sqrt,spearman,0.7,18,6.517308262114479
Sqrt,spearman,0.7,19,6.528040674961745
Sqrt,spearman,0.7,20,6.538494180751152
Sqrt,spearman,0.7,21,6.548689455654115
Sqrt,spearman,0.7,22,6.558644740837818
Sqrt,spearman,0.7,23,6.568376225974459
Sqrt,spearman,0.7,24,6.577898358417661
Sqrt,spearman,0.7,25,6.587224094931507
Sqrt,spearman,0.7,26,6.596365108503577
Sqrt,spearman,0.7,27,6.605331959665419
Sqrt,spearman,0.7,28,6.614134239492864
Sqrt,spearman,0.7,29,6.622780689806126
Sqrt,spearman,0.7,30,6.631279304861403
Sqrt,spearman,0.7,31,6.639637417902478
Sqrt,spearman,0.7,32,6.647861775239396
Sqrt,spearman,0.7,33,6.655958599983214
Sqrt,spearman,0.7,34,6.663933647149223
Sqrt,spearman,0.7,35,6.671792251515779
Sqrt,spearman,0.7,36,6.679539369369864
Sqrt,spearman,0.7,37,6.687179615067556
Sqrt,spearman,0.7,38,6.6947172931754535
Sqrt,spearman,0.7,39,6.70215642682886
Sqrt,spearman,0.7,40,6.709500782837179
Sqrt,spearman,0.7,41,6.71675389398123
Sqrt,spearman,0.7,42,6.7239190788770715
Sqrt,spearman,0.7,43,6.730999459723315
Sqrt,spearman,0.7,44,6.737997978201156
Sqrt,spearman,0.7,45,6.744917409756866
Sqrt,spearman,0.7,46,6.7517603764634275
Sqrt,spearman,0.7,47,6.758529358630327
Sqrt,spearman,0.7,48,6.765226705307316
Sqrt,pearson,0.7,16,5.903539323671233
Sqrt,pearson,0.7,17,5.912308918686479
Sqrt,pearson,0.7,18,5.920824159758789
Sqrt,pearson,0.7,19,5.929105973208653
Sqrt,pearson,0.7,20,5.9371725642051985
Sqrt,pearson,0.7,21,5.945039887799439
Sqrt,pearson,0.7,22,5.952722020038007
Sqrt,pearson,0.7,23,5.960231453903324
Sqrt,pearson,0.7,24,5.967579337893791
Sqrt,pearson,0.7,25,5.9747756702739725
Sqrt,pearson,0.7,26,5.981829458664703
Sqrt,pearson,0.7,27,5.9887488522448695
Sqrt,pearson,0.7,28,5.995541252099574
Sqrt,pearson,0.7,29,6.002213403974182
Sqrt,pearson,0.7,30,6.008771476746044
Sqrt,pearson,0.7,31,6.015221129213215
Sqrt,pearson,0.7,32,6.021567567258295
Sqrt,pearson,0.7,33,6.0278155930302075
Sqrt,pearson,0.7,34,6.0339696474653755
Sqrt,pearson,0.7,35,6.040033847218619
Sqrt,pearson,0.7,36,6.046012016876712
Sqrt,pearson,0.7,37,6.051907717170756
Sqrt,pearson,0.7,38,6.057724269778554
Sqrt,pearson,0.7,39,6.063464779207598
Sqrt,pearson,0.7,40,6.0691321521679855
Sqrt,pearson,0.7,41,6.074729114778443
Sqrt,pearson,0.7,42,6.080258227894537
Sqrt,pearson,0.7,43,6.085721900803609
Sqrt,pearson,0.7,44,6.091122403494267
Sqrt,pearson,0.7,45,6.09646187767766
Sqrt,pearson,0.7,46,6.1017423467123395
Sqrt,pearson,0.7,47,6.106965724563109
Sqrt,pearson,0.7,48,6.112133823906401
Sqrt,spearman,0.8,16,6.014678233150686
Sqrt,spearman,0.8,17,6.022778817301335
Sqrt,spearman,0.8,18,6.030644451546632
Sqrt,spearman,0.8,19,6.038294465789476
Sqrt,spearman,0.8,20,6.045745676371354
Sqrt,spearman,0.8,21,6.053012821171625
Sqrt,spearman,0.8,22,6.0601089024098975
Sqrt,spearman,0.8,23,6.067045460009647
Sqrt,spearman,0.8,24,6.073832791977714
Sqrt,spearman,0.8,25,6.080480133835618
Sqrt,spearman,0.8,26,6.08699580603492
Sqrt,spearman,0.8,27,6.093387336073667
Sqrt,spearman,0.8,28,6.099661560426359
Sqrt,spearman,0.8,29,6.105824710222013
Sqrt,spearman,0.8,30,6.111882483729476
Sqrt,spearman,0.8,31,6.117840108051001
Sqrt,spearman,0.8,32,6.123702391925191
Sqrt,spearman,0.8,33,6.129473771156822
Sqrt,spearman,0.8,34,6.1351583478941825
Sqrt,spearman,0.8,35,6.140759924742612
Sqrt,spearman,0.8,36,6.146282034520549
Sqrt,spearman,0.8,37,6.151727966319666
Sqrt,spearman,0.8,38,6.157100788415125
Sqrt,spearman,0.8,39,6.162403368479167
Sqrt,spearman,0.8,40,6.167638391476114
Sqrt,spearman,0.8,41,6.172808375555793
Sqrt,spearman,0.8,42,6.177915686212387
Sqrt,spearman,0.8,43,6.182962548934623
Sqrt,spearman,0.8,44,6.187951060539255
Sqrt,spearman,0.8,45,6.1928831993515505
Sqrt,spearman,0.8,46,6.1977608343730015
Sqrt,spearman,0.8,47,6.202585733556743
Sqrt,spearman,0.8,48,6.20735957129457
Sqrt,pearson,0.8,16,5.910061807835615
Sqrt,pearson,0.8,17,5.918994393073512
Sqrt,pearson,0.8,18,5.927667896988732
Sqrt,pearson,0.8,19,5.936103634834852
Sqrt,pearson,0.8,20,5.944320150139219
Sqrt,pearson,0.8,21,5.952333694490752
Sqrt,pearson,0.8,22,5.960158605551126
Sqrt,pearson,0.8,23,5.967807608495236
Sqrt,pearson,0.8,24,5.975292059025609
Sqrt,pearson,0.8,25,5.982622141232876
Sqrt,pearson,0.8,26,5.989807030152003
Sqrt,pearson,0.8,27,5.99685502642115
Sqrt,pearson,0.8,28,6.003773668680745
Sqrt,pearson,0.8,29,6.010569828051447
Sqrt,pearson,0.8,30,6.017249788064324
Sqrt,pearson,0.8,31,6.023819312690906
Sqrt,pearson,0.8,32,6.030283704569451
Sqrt,pearson,0.8,33,6.0366478551008225
Sqrt,pearson,0.8,34,6.042916287759937
Sqrt,pearson,0.8,35,6.049093195713074
Sqrt,pearson,0.8,36,6.055182474630136
Sqrt,pearson,0.8,37,6.061187751421377
Sqrt,pearson,0.8,38,6.067112409500743
Sqrt,pearson,0.8,39,6.072959611075585
Sqrt,pearson,0.8,40,6.078732316879626
Sqrt,pearson,0.8,41,6.08443330369878
Sqrt,pearson,0.8,42,6.090065179984244
Sqrt,pearson,0.8,43,6.0956303998019665
Sqrt,pearson,0.8,44,6.101131275330188
Sqrt,pearson,0.8,45,6.106569988085542
Sqrt,pearson,0.8,46,6.111948599032379
Sqrt,pearson,0.8,47,6.1172690577081354
Sqrt,pearson,0.8,48,6.122533210479342
Gompertz,spearman,0.6,16,0.09055690309213268
Gompertz,spearman,0.6,17,0.09055690552892412
Gompertz,spearman,0.6,18,0.09055690626097973
Gompertz,spearman,0.6,19,0.09055690648090231
Gompertz,spearman,0.6,20,0.09055690654697096
Gompertz,spearman,0.6,21,0.09055690656681915
Gompertz,spearman,0.6,22,0.09055690657278193
Gompertz,spearman,0.6,23,0.09055690657457323
Gompertz,spearman,0.6,24,0.09055690657511138
Gompertz,spearman,0.6,25,0.09055690657527304
Gompertz,spearman,0.6,26,0.09055690657532162
Gompertz,spearman,0.6,27,0.0905569065753362
Gompertz,spearman,0.6,28,0.09055690657534059
Gompertz,spearman,0.6,29,0.0905569065753419
Gompertz,spearman,0.6,30,0.0905569065753423
Gompertz,spearman,0.6,31,0.0905569065753424
Gompertz,spearman,0.6,32,0.09055690657534245
Gompertz,spearman,0.6,33,0.09055690657534247
Gompertz,spearman,0.6,34,0.09055690657534247
Gompertz,spearman,0.6,35,0.09055690657534247
Gompertz,spearman,0.6,36,0.09055690657534247
Gompertz,spearman,0.6,37,0.09055690657534247
Gompertz,spearman,0.6,38,0.09055690657534247
Gompertz,spearman,0.6,39,0.09055690657534247
Gompertz,spearman,0.6,40,0.09055690657534247
Gompertz,spearman,0.6,41,0.09055690657534247
Gompertz,spearman,0.6,42,0.09055690657534247
Gompertz,spearman,0.6,43,0.09055690657534247
Gompertz,spearman,0.6,44,0.09055690657534247
Gompertz,spearman,0.6,45,0.09055690657534247
Gompertz,spearman,0.6,46,0.09055690657534247
Gompertz,spearman,0.6,47,0.09055690657534247
Gompertz,spearman,0.6,48,0.09055690657534247
Gompertz,pearson,0.6,16,0.12437273120669551
Gompertz,pearson,0.6,17,0.12437273334443667
Gompertz,pearson,0.6,18,0.12437273397884956
Gompertz,pearson,0.6,19,0.12437273416712294
Gompertz,pearson,0.6,20,0.12437273422299643
Gompertz,pearson,0.6,21,0.12437273423957788
Gompertz,pearson,0.6,22,0.12437273424449873
Gompertz,pearson,0.6,23,0.12437273424595909
Gompertz,pearson,0.6,24,0.12437273424639245
Gompertz,pearson,0.6,25,0.12437273424652107
Gompertz,pearson,0.6,26,0.12437273424655923
Gompertz,pearson,0.6,27,0.12437273424657057
Gompertz,pearson,0.6,28,0.12437273424657393
Gompertz,pearson,0.6,29,0.12437273424657494
Gompertz,pearson,0.6,30,0.12437273424657523
Gompertz,pearson,0.6,31,0.1243727342465753
Gompertz,pearson,0.6,32,0.12437273424657533
Gompertz,pearson,0.6,33,0.12437273424657534
Gompertz,pearson,0.6,34,0.12437273424657534
Gompertz,pearson,0.6,35,0.12437273424657534
Gompertz,pearson,0.6,36,0.12437273424657534
Gompertz,pearson,0.6,37,0.12437273424657534
Gompertz,pearson,0.6,38,0.12437273424657534
Gompertz,pearson,0.6,39,0.12437273424657534
Gompertz,pearson,0.6,40,0.12437273424657534
Gompertz,pearson,0.6,41,0.12437273424657534
Gompertz,pearson,0.6,42,0.12437273424657534
Gompertz,pearson,0.6,43,0.12437273424657534
Gompertz,pearson,0.6,44,0.12437273424657534
Gompertz,pearson,0.6,45,0.12437273424657534
Gompertz,pearson,0.6,46,0.12437273424657534
Gompertz,pearson,0.6,47,0.12437273424657534
Gompertz,pearson,0.6,48,0.12437273424657534
Gompertz,spearman,0.7,16,0.15717306014064653
Gompertz,spearman,0.7,17,0.15717307469927622
Gompertz,spearman,0.7,18,0.15717307940105651
Gompertz,spearman,0.7,19,0.15717308091951923
Gompertz,spearman,0.7,20,0.15717308140991412
Gompertz,spearman,0.7,21,0.15717308156828955
Gompertz,spearman,0.7,22,0.15717308161943763
Gompertz,spearman,0.7,23,0.15717308163595617
Gompertz,spearman,0.7,24,0.1571730816412909
Gompertz,spearman,0.7,25,0.15717308164301377
Gompertz,spearman,0.7,26,0.1571730816435702
Gompertz,spearman,0.7,27,0.1571730816437499
Gompertz,spearman,0.7,28,0.15717308164380794
Gompertz,spearman,0.7,29,0.15717308164382668
Gompertz,spearman,0.7,30,0.15717308164383273
Gompertz,spearman,0.7,31,0.15717308164383467
Gompertz,spearman,0.7,32,0.1571730816438353
Gompertz,spearman,0.7,33,0.1571730816438355
Gompertz,spearman,0.7,34,0.15717308164383556
Gompertz,spearman,0.7,35,0.1571730816438356
Gompertz,spearman,0.7,36,0.15717308164383562
Gompertz,spearman,0.7,37,0.15717308164383562
Gompertz,spearman,0.7,38,0.15717308164383562
Gompertz,spearman,0.7,39,0.15717308164383562
Gompertz,spearman,0.7,40,0.15717308164383562
Gompertz,spearman,0.7,41,0.15717308164383562
Gompertz,spearman,0.7,42,0.15717308164383562
Gompertz,spearman,0.7,43,0.15717308164383562
Gompertz,spearman,0.7,44,0.15717308164383562
Gompertz,spearman,0.7,45,0.15717308164383562
Gompertz,spearman,0.7,46,0.15717308164383562
Gompertz,spearman,0.7,47,0.15717308164383562
Gompertz,spearman,0.7,48,0.15717308164383562
Gompertz,pearson,0.7,16,0.12361559134166689
Gompertz,pearson,0.7,17,0.12361560107243143
Gompertz,pearson,0.7,18,0.12361560423302045
Gompertz,pearson,0.7,19,0.12361560525959166
Gompertz,pearson,0.7,20,0.12361560559302584
Gompertz,pearson,0.7,21,0.12361560570132651
Gompertz,pearson,0.7,22,0.12361560573650299
Gompertz,pearson,0.7,23,0.12361560574792844
Gompertz,pearson,0.7,24,0.12361560575163946
Gompertz,pearson,0.7,25,0.12361560575284482
Gompertz,pearson,0.7,26,0.12361560575323631
Gompertz,pearson,0.7,27,0.12361560575336349
Gompertz,pearson,0.7,28,0.12361560575340477
Gompertz,pearson,0.7,29,0.1236156057534182
Gompertz,pearson,0.7,30,0.12361560575342255
Gompertz,pearson,0.7,31,0.12361560575342398
Gompertz,pearson,0.7,32,0.12361560575342444
Gompertz,pearson,0.7,33,0.12361560575342458
Gompertz,pearson,0.7,34,0.12361560575342463
Gompertz,pearson,0.7,35,0.12361560575342463
Gompertz,pearson,0.7,36,0.12361560575342466
Gompertz,pearson,0.7,37,0.12361560575342466
Gompertz,pearson,0.7,38,0.12361560575342466
Gompertz,pearson,0.7,39,0.12361560575342466
Gompertz,pearson,0.7,40,0.12361560575342466
Gompertz,pearson,0.7,41,0.12361560575342466
Gompertz,pearson,0.7,42,0.12361560575342466
Gompertz,pearson,0.7,43,0.12361560575342466
Gompertz,pearson,0.7,44,0.12361560575342466
Gompertz,pearson,0.7,45,0.12361560575342466
Gompertz,pearson,0.7,46,0.12361560575342466
Gompertz,pearson,0.7,47,0.12361560575342466
Gompertz,pearson,0.7,48,0.12361560575342466
Gompertz,spearman,0.8,16,0.12686019532920695
Gompertz,spearman,0.8,17,0.1268602022376933
Gompertz,spearman,0.8,18,0.12686020444410762
Gompertz,spearman,0.8,19,0.1268602051487865
Gompertz,spearman,0.8,20,0.12686020537384496
Gompertz,spearman,0.8,21,0.12686020544572355
Gompertz,spearman,0.8,22,0.12686020546867993
Gompertz,spearman,0.8,23,0.12686020547601168
Gompertz,spearman,0.8,24,0.12686020547835328
Gompertz,spearman,0.8,25,0.12686020547910112
Gompertz,spearman,0.8,26,0.12686020547933996
Gompertz,spearman,0.8,27,0.1268602054794163
Gompertz,spearman,0.8,28,0.12686020547944063
Gompertz,spearman,0.8,29,0.12686020547944843
Gompertz,spearman,0.8,30,0.1268602054794509
Gompertz,spearman,0.8,31,0.12686020547945168
Gompertz,spearman,0.8,32,0.12686020547945195
Gompertz,spearman,0.8,33,0.126860205479452
Gompertz,spearman,0.8,34,0.12686020547945204
Gompertz,spearman,0.8,35,0.12686020547945207
Gompertz,spearman,0.8,36,0.12686020547945207
Gompertz,spearman,0.8,37,0.12686020547945207
Gompertz,spearman,0.8,38,0.12686020547945207
Gompertz,spearman,0.8,39,0.12686020547945207
Gompertz,spearman,0.8,40,0.12686020547945207
Gompertz,spearman,0.8,41,0.12686020547945207
Gompertz,spearman,0.8,42,0.12686020547945207
Gompertz,spearman,0.8,43,0.12686020547945207
Gompertz,spearman,0.8,44,0.12686020547945207
Gompertz,spearman,0.8,45,0.12686020547945207
Gompertz,spearman,0.8,46,0.12686020547945207
Gompertz,spearman,0.8,47,0.12686020547945207
Gompertz,spearman,0.8,48,0.12686020547945207
Gompertz,pearson,0.8,16,0.12496672731678997
Gompertz,pearson,0.8,17,0.12496673296594726
Gompertz,pearson,0.8,18,0.12496673477000456
Gompertz,pearson,0.8,19,0.1249667353461299
Gompertz,pearson,0.8,20,0.1249667355301154
Gompertz,pearson,0.8,21,0.12496673558887116
Gompertz,pearson,0.8,22,0.12496673560763477
Gompertz,pearson,0.8,23,0.12496673561362695
Gompertz,pearson,0.8,24,0.12496673561554053
Gompertz,pearson,0.8,25,0.12496673561615163
Gompertz,pearson,0.8,26,0.12496673561634679
Gompertz,pearson,0.8,27,0.12496673561640913
Gompertz,pearson,0.8,28,0.12496673561642901
Gompertz,pearson,0.8,29,0.12496673561643538
Gompertz,pearson,0.8,30,0.12496673561643741
Gompertz,pearson,0.8,31,0.12496673561643805
Gompertz,pearson,0.8,32,0.12496673561643826
Gompertz,pearson,0.8,33,0.12496673561643834
Gompertz,pearson,0.8,34,0.12496673561643834
Gompertz,pearson,0.8,35,0.12496673561643835
Gompertz,pearson,0.8,36,0.12496673561643835
Gompertz,pearson,0.8,37,0.12496673561643835
Gompertz,pearson,0.8,38,0.12496673561643835
Gompertz,pearson,0.8,39,0.12496673561643835
Gompertz,pearson,0.8,40,0.12496673561643835
Gompertz,pearson,0.8,41,0.12496673561643835
Gompertz,pearson,0.8,42,0.12496673561643835
Gompertz,pearson,0.8,43,0.12496673561643835
Gompertz,pearson,0.8,44,0.12496673561643835
Gompertz,pearson,0.8,45,0.12496673561643835
Gompertz,pearson,0.8,46,0.12496673561643835
Gompertz,pearson,0.8,47,0.12496673561643835
Gompertz,pearson,0.8,48,0.12496673561643835
